document_id,entity_text,entity_label,start_char,end_char,confidence,source,context
670455a18706,"-- Page 1 --
The Foundations of Ethiopian Civilization: The
Ancient and Classical",PERSON,0,81,0.9,spacy,...
670455a18706,Period,DATE,82,88,0.9,spacy,...
670455a18706,Abyssinia,ORG,117,126,0.9,spacy,...
670455a18706,Ethiopia,GPE,142,150,0.9,spacy,...
670455a18706,Horn of Africa,LOC,255,269,0.9,spacy,...
670455a18706,Ancient,ORG,275,282,0.9,spacy,...
670455a18706,Period,DATE,297,303,0.9,spacy,...
670455a18706,the first millennium,DATE,321,341,0.9,spacy,...
670455a18706,7th,ORDINAL,353,356,0.9,spacy,...
670455a18706,CE,ORG,367,369,0.9,spacy,...
670455a18706,two,CARDINAL,412,415,0.9,spacy,...
670455a18706,the Kingdom of Dʿmt,GPE,444,463,0.9,spacy,...
670455a18706,Kingdom of Aksum,ORG,479,495,0.9,spacy,...
670455a18706,Ethiopian,NORP,603,612,0.9,spacy,...
670455a18706,the next two thousand years,DATE,623,650,0.9,spacy,...
670455a18706,Christian,NORP,703,712,0.9,spacy,...
670455a18706,Africa,LOC,723,729,0.9,spacy,...
670455a18706,I. The Kingdom of Dʿmt (c. 10th-5th,ORG,731,766,0.9,spacy,...
670455a18706,Century,DATE,767,774,0.9,spacy,...
670455a18706,The Kingdom of Dʿmt,GPE,780,799,0.9,spacy,...
670455a18706,Da'amat,GPE,801,808,0.9,spacy,...
670455a18706,Ethiopian,NORP,885,894,0.9,spacy,...
670455a18706,Eritrean,NORP,899,907,0.9,spacy,...
670455a18706,10th,ORDINAL,954,958,0.9,spacy,...
670455a18706,century,DATE,970,977,0.9,spacy,...
670455a18706,Dʿmt,PERSON,983,987,0.9,spacy,...
670455a18706,Horn,LOC,1054,1058,0.9,spacy,...
670455a18706,South Arabia,GPE,1095,1107,0.9,spacy,...
670455a18706,Sabaeans,NORP,1126,1134,0.9,spacy,...
670455a18706,Dʿmt,PERSON,1210,1214,0.9,spacy,...
670455a18706,Ethiopian,NORP,1502,1511,0.9,spacy,...
670455a18706,era,DATE,1554,1557,0.9,spacy,...
670455a18706,Sabaeans,NORP,1580,1588,0.9,spacy,...
670455a18706,modern-day,DATE,1594,1604,0.9,spacy,...
670455a18706,Yemen,GPE,1605,1610,0.9,spacy,...
670455a18706,the Ancient South Arabian,FAC,1643,1668,0.9,spacy,...
670455a18706,Ge'ez,LOC,1720,1725,0.9,spacy,...
670455a18706,era,DATE,1828,1831,0.9,spacy,...
670455a18706,Dʿmt,PERSON,1844,1848,0.9,spacy,...
670455a18706,Sabaean,NORP,1862,1869,0.9,spacy,...
670455a18706,African,NORP,1931,1938,0.9,spacy,...
670455a18706,Historical Monuments,ORG,2077,2097,0.9,spacy,...
670455a18706,Dʿmt,PERSON,2151,2155,0.9,spacy,...
670455a18706,Page 2,LAW,2268,2274,0.9,spacy,...
670455a18706,Yeha,NORP,2331,2335,0.9,spacy,...
670455a18706,Tigray,NORP,2342,2348,0.9,spacy,...
670455a18706,South Arabian,NORP,2424,2437,0.9,spacy,...
670455a18706,Almouqah,PERSON,2448,2456,0.9,spacy,...
670455a18706,Ethiopia,GPE,2497,2505,0.9,spacy,...
670455a18706,Dʿmt,PERSON,2530,2534,0.9,spacy,...
670455a18706,"the Abuna
",LOC,2599,2609,0.9,spacy,...
670455a18706,Aftse Church,ORG,2609,2621,0.9,spacy,...
670455a18706,Grat Be'al,PERSON,2667,2677,0.9,spacy,...
670455a18706,"Gebri
Yeha",PERSON,2678,2688,0.9,spacy,...
670455a18706,Tigray,NORP,2690,2696,0.9,spacy,...
670455a18706,The Temple of Yeha,ORG,2866,2884,0.9,spacy,...
670455a18706,the Arabian Peninsula,LOC,3051,3072,0.9,spacy,...
670455a18706,The Kingdom of Aksum,GPE,3078,3098,0.9,spacy,...
670455a18706,Dʿmt,NORP,3152,3156,0.9,spacy,...
670455a18706,the Kingdom of Aksum,GPE,3158,3178,0.9,spacy,...
670455a18706,Rome,GPE,3249,3253,0.9,spacy,...
670455a18706,Persia,GPE,3255,3261,0.9,spacy,...
670455a18706,China,GPE,3267,3272,0.9,spacy,...
670455a18706,century,DATE,3284,3291,0.9,spacy,...
670455a18706,Axum,ORG,3324,3328,0.9,spacy,...
670455a18706,Red Sea,LOC,3356,3363,0.9,spacy,...
670455a18706,Ethiopia,GPE,3440,3448,0.9,spacy,...
670455a18706,Eritrea,GPE,3450,3457,0.9,spacy,...
670455a18706,Sudan,GPE,3459,3464,0.9,spacy,...
670455a18706,Yemen,GPE,3470,3475,0.9,spacy,...
670455a18706,Imperial Power,ORG,3489,3503,0.9,spacy,...
670455a18706,Aksum,ORG,3504,3509,0.9,spacy,...
670455a18706,the Roman Empire,GPE,3599,3615,0.9,spacy,...
670455a18706,India,GPE,3620,3625,0.9,spacy,...
670455a18706,Adulis,PERSON,3639,3645,0.9,spacy,...
670455a18706,Key Rulers,ORG,3815,3825,0.9,spacy,...
670455a18706,Aksumite,NORP,3844,3852,0.9,spacy,...
670455a18706,Negus,PERSON,3863,3868,0.9,spacy,...
670455a18706,the Red Sea,LOC,3965,3976,0.9,spacy,...
670455a18706,Page 3,LAW,3990,3996,0.9,spacy,...
670455a18706,Periplus,ORG,4080,4088,0.9,spacy,...
670455a18706,the Erythraean Sea,LOC,4092,4110,0.9,spacy,...
670455a18706,first,ORDINAL,4118,4123,0.9,spacy,...
670455a18706,Adulis,PERSON,4159,4165,0.9,spacy,...
670455a18706,270,CARDINAL,4206,4209,0.9,spacy,...
670455a18706,First,ORDINAL,4217,4222,0.9,spacy,...
670455a18706,Aksumite,NORP,4223,4231,0.9,spacy,...
670455a18706,"Ezana
c. 320s-360 CE
Converted",ORG,4333,4363,0.9,spacy,...
670455a18706,Christianity,NORP,4379,4391,0.9,spacy,...
670455a18706,Aksum,ORG,4418,4423,0.9,spacy,...
670455a18706,one,CARDINAL,4424,4427,0.9,spacy,...
670455a18706,first,ORDINAL,4435,4440,0.9,spacy,...
670455a18706,Christian,NORP,4441,4450,0.9,spacy,...
670455a18706,the Kingdom of Kush,GPE,4482,4501,0.9,spacy,...
670455a18706,Kaleb,PERSON,4503,4508,0.9,spacy,...
670455a18706,Ella Asbeha,PERSON,4510,4521,0.9,spacy,...
670455a18706,514,CARDINAL,4554,4557,0.9,spacy,...
670455a18706,the Red Sea,LOC,4607,4618,0.9,spacy,...
670455a18706,Himyarite,GPE,4633,4642,0.9,spacy,...
670455a18706,Kingdom,GPE,4643,4650,0.9,spacy,...
670455a18706,Yemen,GPE,4654,4659,0.9,spacy,...
670455a18706,Christian,NORP,4676,4685,0.9,spacy,...
670455a18706,Aksumite,NORP,4759,4767,0.9,spacy,...
670455a18706,the Negusa Nagast,ORG,4823,4840,0.9,spacy,...
670455a18706,Greek,NORP,4893,4898,0.9,spacy,...
670455a18706,Ge'ez,LOC,4909,4914,0.9,spacy,...
670455a18706,King Ezana,PERSON,5149,5159,0.9,spacy,...
670455a18706,Ethiopian,NORP,5254,5263,0.9,spacy,...
670455a18706,"Tewahedo
Church",ORG,5273,5288,0.9,spacy,...
670455a18706,Church,ORG,5294,5300,0.9,spacy,...
670455a18706,Conversion,ORG,5389,5399,0.9,spacy,...
670455a18706,Christianity,NORP,5403,5415,0.9,spacy,...
670455a18706,Aksum,ORG,5434,5439,0.9,spacy,...
670455a18706,Period,DATE,5496,5502,0.9,spacy,...
670455a18706,two,CARDINAL,5528,5531,0.9,spacy,...
670455a18706,Syrian,NORP,5532,5538,0.9,spacy,...
670455a18706,Frumentius and Aedesius,PERSON,5549,5572,0.9,spacy,...
670455a18706,Page 4,LAW,5577,5583,0.9,spacy,...
670455a18706,first,ORDINAL,5649,5654,0.9,spacy,...
670455a18706,Ethiopia,GPE,5665,5673,0.9,spacy,...
670455a18706,Abuna Selama,PERSON,5675,5687,0.9,spacy,...
670455a18706,Alexandria,GPE,5709,5719,0.9,spacy,...
670455a18706,the Ethiopian Church,ORG,5761,5781,0.9,spacy,...
670455a18706,the Coptic Church of Egypt,ORG,5786,5812,0.9,spacy,...
670455a18706,Ezana,ORG,5818,5823,0.9,spacy,...
670455a18706,pre-Christian,NORP,5959,5972,0.9,spacy,...
670455a18706,Axum,ORG,6285,6289,0.9,spacy,...
670455a18706,Aksumite,NORP,6410,6418,0.9,spacy,...
670455a18706,"Monument
Description
Significance
The",FAC,6438,6475,0.9,spacy,...
670455a18706,33 meters,QUANTITY,6543,6552,0.9,spacy,...
670455a18706,Aksumite,NORP,6671,6679,0.9,spacy,...
670455a18706,Ezana Stele,PERSON,6691,6702,0.9,spacy,...
670455a18706,24 meters,QUANTITY,6731,6740,0.9,spacy,...
670455a18706,"UNESCO World
Heritage",ORG,6749,6770,0.9,spacy,...
670455a18706,Aksumite,NORP,6848,6856,0.9,spacy,...
670455a18706,Rome Stele,GPE,6880,6890,0.9,spacy,...
670455a18706,24-meter,QUANTITY,6893,6901,0.9,spacy,...
670455a18706,Rome,GPE,6917,6921,0.9,spacy,...
670455a18706,Italian,NORP,6925,6932,0.9,spacy,...
670455a18706,1937,DATE,6943,6947,0.9,spacy,...
670455a18706,2005,DATE,6964,6968,0.9,spacy,...
670455a18706,Ethiopian,NORP,6991,7000,0.9,spacy,...
670455a18706,Dungur Palace,FAC,7046,7059,0.9,spacy,...
670455a18706,"the ""Palace of the Queen of Sheba",FAC,7108,7141,0.9,spacy,...
670455a18706,Aksumite,NORP,7224,7232,0.9,spacy,...
670455a18706,Aksumite,PERSON,7318,7326,0.9,spacy,...
670455a18706,Aksumite,NORP,7487,7495,0.9,spacy,...
670455a18706,Page 5,LAW,7565,7571,0.9,spacy,...
670455a18706,Aksumite,NORP,7644,7652,0.9,spacy,...
670455a18706,period,DATE,7653,7659,0.9,spacy,...
670455a18706,Ge'ez,EVENT,7687,7692,0.9,spacy,...
670455a18706,Ge'ez,ORG,7718,7723,0.9,spacy,...
670455a18706,the Ethiopian Church,ORG,7758,7778,0.9,spacy,...
670455a18706,Ethiopian,NORP,7809,7818,0.9,spacy,...
670455a18706,Greek,NORP,7901,7906,0.9,spacy,...
670455a18706,Economic Power and Trade,ORG,7997,8021,0.9,spacy,...
670455a18706,Aksum,ORG,8022,8027,0.9,spacy,...
670455a18706,Red Sea,LOC,8083,8090,0.9,spacy,...
670455a18706,Adulis,PERSON,8110,8116,0.9,spacy,...
670455a18706,Mediterranean,LOC,8156,8169,0.9,spacy,...
670455a18706,India,GPE,8196,8201,0.9,spacy,...
670455a18706,the Far East,LOC,8206,8218,0.9,spacy,...
670455a18706,Aksum,GPE,8334,8339,0.9,spacy,...
670455a18706,Aksum,ORG,8355,8360,0.9,spacy,...
670455a18706,century,DATE,8378,8385,0.9,spacy,...
670455a18706,Islam,ORG,8402,8407,0.9,spacy,...
670455a18706,Arab,NORP,8427,8431,0.9,spacy,...
670455a18706,the Red Sea,LOC,8443,8454,0.9,spacy,...
670455a18706,Aksum,ORG,8475,8480,0.9,spacy,...
670455a18706,mary,PERSON,8495,8499,0.9,spacy,...
670455a18706,Mediterranean,LOC,8524,8537,0.9,spacy,...
670455a18706,Axum,ORG,8738,8742,0.9,spacy,...
670455a18706,period,DATE,8779,8785,0.9,spacy,...
670455a18706,Zagwe,ORG,8829,8834,0.9,spacy,...
670455a18706,century,DATE,8855,8862,0.9,spacy,...
670455a18706,Aksum,GPE,8878,8883,0.9,spacy,...
670455a18706,Christian,NORP,8912,8921,0.9,spacy,...
670455a18706,Ethiopian,NORP,9008,9017,0.9,spacy,...
670455a18706,1991,DATE,9059,9063,0.9,spacy,...
670455a18706,Edinburgh University Press,ORG,9116,9142,0.9,spacy,...
670455a18706,2012,DATE,9167,9171,0.9,spacy,...
670455a18706,the Northern Horn,LOC,9224,9241,0.9,spacy,...
670455a18706,1000,CARDINAL,9243,9247,0.9,spacy,...
670455a18706,"BC - AD
",ORG,9264,9272,0.9,spacy,...
670455a18706,1300,CARDINAL,9272,9276,0.9,spacy,...
670455a18706,Boydell & Brewer,ORG,9278,9294,0.9,spacy,...
670455a18706,276NTITY_0004_DATE,CARDINAL,9338,9356,0.9,spacy,...
670455a18706,Four,CARDINAL,9365,9369,0.9,spacy,...
670455a18706,1972,DATE,9443,9447,0.9,spacy,...
670455a18706,State,ORG,9461,9466,0.9,spacy,...
670455a18706,Ethiopia,GPE,9470,9478,0.9,spacy,...
670455a18706,1270,CARDINAL,9480,9484,0.9,spacy,...
670455a18706,Clarendon Press,ORG,9507,9522,0.9,spacy,...
670455a18706,Ethiopia,GPE,9588,9596,0.9,spacy,...
670455a18706,Zagwe,ORG,9602,9607,0.9,spacy,...
d3eb1393655c,"-- Page 1 --
The Military Socialist Regime:",PERSON,0,43,0.9,spacy,...
d3eb1393655c,Ethiopian Revolution,EVENT,61,81,0.9,spacy,...
d3eb1393655c,"1974-
1991",DATE,83,93,0.9,spacy,...
d3eb1393655c,The End of Empire and the Dawn of Revolution,EVENT,109,153,0.7,rule,...
d3eb1393655c,Derg,PERSON,158,162,0.9,spacy,...
d3eb1393655c,Ethiopia,GPE,236,244,0.9,spacy,...
d3eb1393655c,1974 to 1991,DATE,250,262,0.9,spacy,...
d3eb1393655c,Emperor Haile Selassie,PERSON,401,423,0.9,spacy,...
d3eb1393655c,Derg,PERSON,431,435,0.9,spacy,...
d3eb1393655c,"the Provisional Military Administrative
Council",ORG,448,495,0.9,spacy,...
d3eb1393655c,PMAC,ORG,497,501,0.9,spacy,...
d3eb1393655c,Ethiopia,GPE,577,585,0.9,spacy,...
d3eb1393655c,Soviet,NORP,621,627,0.9,spacy,...
d3eb1393655c,seventeen-year,DATE,639,653,0.9,spacy,...
d3eb1393655c,period,DATE,654,660,0.9,spacy,...
d3eb1393655c,Derg,PERSON,893,897,0.9,spacy,...
d3eb1393655c,1974,DATE,952,956,0.9,spacy,...
d3eb1393655c,Wollo,ORG,1078,1083,0.9,spacy,...
d3eb1393655c,Formation and Consolidation,ORG,1238,1265,0.9,spacy,...
d3eb1393655c,Derg,PERSON,1270,1274,0.9,spacy,...
d3eb1393655c,the Coordinating Committee of the Armed Forces,ORG,1299,1345,0.9,spacy,...
d3eb1393655c,Territorial Army,ORG,1359,1375,0.9,spacy,...
d3eb1393655c,Page 2,LAW,1429,1435,0.9,spacy,...
d3eb1393655c,1974,DATE,1604,1608,0.9,spacy,...
d3eb1393655c,Haile Selassie,PERSON,1637,1651,0.9,spacy,...
d3eb1393655c,September 12,DATE,1655,1667,0.9,spacy,...
d3eb1393655c,"3,000-year-old",DATE,1679,1693,0.9,spacy,...
d3eb1393655c,Solomonic Dynasty,EVENT,1694,1711,0.9,spacy,...
d3eb1393655c,era,DATE,1729,1732,0.9,spacy,...
d3eb1393655c,March 1975,DATE,1761,1771,0.9,spacy,...
d3eb1393655c,Ethiopia,GPE,1794,1802,0.9,spacy,...
d3eb1393655c,Declaration of Socialism,DOCUMENT,1845,1869,0.7,rule,...
d3eb1393655c,December 1974,DATE,1871,1884,0.9,spacy,...
d3eb1393655c,Ethiopia,GPE,1894,1902,0.9,spacy,...
d3eb1393655c,Marxist,NORP,1908,1915,0.9,spacy,...
d3eb1393655c,Derg,PERSON,1997,2001,0.9,spacy,...
d3eb1393655c,The Red Terror,ORG,2150,2164,0.9,spacy,...
d3eb1393655c,Derg,PERSON,2223,2227,0.9,spacy,...
d3eb1393655c,the Red Terror,ORG,2239,2253,0.9,spacy,...
d3eb1393655c,1977-19780031_DATE__-1978,DATE,2255,2280,0.9,spacy,...
d3eb1393655c,Derg,PERSON,2427,2431,0.9,spacy,...
d3eb1393655c,Leninist Ethiopian,NORP,2505,2523,0.9,spacy,...
d3eb1393655c,People's Revolutionary Party,ORG,2524,2552,0.9,spacy,...
d3eb1393655c,EPRP,ORG,2554,2558,0.9,spacy,...
d3eb1393655c,Ethiopia Socialist Movement,ORG,2587,2614,0.9,spacy,...
d3eb1393655c,EPRP,ORG,2629,2633,0.9,spacy,...
d3eb1393655c,Derg,ORG,2721,2725,0.9,spacy,...
d3eb1393655c,"the ""White Terror",EVENT,2759,2776,0.9,spacy,...
d3eb1393655c,Mengistu Haile Mariam,PERSON,2779,2800,0.9,spacy,...
d3eb1393655c,the Campaign of Terror,ORG,2805,2827,0.9,spacy,...
d3eb1393655c,the Red Terror,ORG,2845,2859,0.9,spacy,...
d3eb1393655c,Mengistu Haile,PERSON,2892,2906,0.9,spacy,...
d3eb1393655c,Mariam,PERSON,2907,2913,0.9,spacy,...
d3eb1393655c,Derg,PERSON,2959,2963,0.9,spacy,...
d3eb1393655c,General Teferi Banti,PERSON,3004,3024,0.9,spacy,...
d3eb1393655c,Mengistu,PERSON,3026,3034,0.9,spacy,...
d3eb1393655c,EPRP,ORG,3130,3134,0.9,spacy,...
d3eb1393655c,Page 3,LAW,3181,3187,0.9,spacy,...
d3eb1393655c,The Red Terror,WORK_OF_ART,3192,3206,0.9,spacy,...
d3eb1393655c,period,DATE,3213,3219,0.9,spacy,...
d3eb1393655c,Ethiopia,GPE,3286,3294,0.9,spacy,...
d3eb1393655c,the late 1970s,DATE,3302,3316,0.9,spacy,...
d3eb1393655c,thousands,CARDINAL,3400,3409,0.9,spacy,...
d3eb1393655c,Mengistu,PERSON,3565,3573,0.9,spacy,...
d3eb1393655c,Addis Ababa,GPE,3660,3671,0.9,spacy,...
d3eb1393655c,period,DATE,3720,3726,0.9,spacy,...
d3eb1393655c,Socialist Transformation and Economic Policy,ORG,3733,3777,0.9,spacy,...
d3eb1393655c,Derg,ORG,3782,3786,0.9,spacy,...
d3eb1393655c,Marxist,NORP,3803,3810,0.9,spacy,...
d3eb1393655c,Ethiopia,GPE,3860,3868,0.9,spacy,...
d3eb1393655c,the Proclamation No. 31 of 1975,EVENT,4030,4061,0.9,spacy,...
d3eb1393655c,"Peasant
Associations",ORG,4236,4256,0.9,spacy,...
d3eb1393655c,Page 4,LAW,4822,4828,0.9,spacy,...
d3eb1393655c,1984,DATE,4836,4840,0.9,spacy,...
d3eb1393655c,Derg,ORG,4873,4877,0.9,spacy,...
d3eb1393655c,1984-19850021_DATE__-1985,DATE,4987,5012,0.9,spacy,...
d3eb1393655c,"400,000",CARDINAL,5275,5282,0.9,spacy,...
d3eb1393655c,Derg,ORG,5434,5438,0.9,spacy,...
d3eb1393655c,1977-19780017_DATE__-1978,DATE,5585,5610,0.9,spacy,...
d3eb1393655c,1977,DATE,5615,5619,0.9,spacy,...
d3eb1393655c,Somalia,GPE,5621,5628,0.9,spacy,...
d3eb1393655c,Somali,NORP,5662,5668,0.9,spacy,...
d3eb1393655c,Ogaden,LOC,5669,5675,0.9,spacy,...
d3eb1393655c,Ethiopia,GPE,5692,5700,0.9,spacy,...
d3eb1393655c,Derg,PERSON,5706,5710,0.9,spacy,...
d3eb1393655c,the United States,GPE,5735,5752,0.9,spacy,...
d3eb1393655c,the Soviet Union,GPE,5785,5801,0.9,spacy,...
d3eb1393655c,Soviets,NORP,5812,5819,0.9,spacy,...
d3eb1393655c,Cuba,GPE,5824,5828,0.9,spacy,...
d3eb1393655c,Cuban,NORP,5879,5884,0.9,spacy,...
d3eb1393655c,Soviet,NORP,5896,5902,0.9,spacy,...
d3eb1393655c,Somali,NORP,5950,5956,0.9,spacy,...
d3eb1393655c,Ogaden,LOC,5975,5981,0.9,spacy,...
d3eb1393655c,March 1978,DATE,5985,5995,0.9,spacy,...
d3eb1393655c,Tiglachin Monument,FAC,6001,6019,0.9,spacy,...
d3eb1393655c,Addis Ababa,GPE,6023,6034,0.9,spacy,...
d3eb1393655c,Derg,PERSON,6143,6147,0.9,spacy,...
d3eb1393655c,protracted civil war,EVENT,6226,6246,0.7,rule,...
d3eb1393655c,Page 5,LAW,6251,6257,0.9,spacy,...
d3eb1393655c,Insurgent Group,ORG,6261,6276,0.9,spacy,...
d3eb1393655c,"Eritrean People's Liberation
Front",ORG,6302,6336,0.9,spacy,...
d3eb1393655c,Eritrea,GPE,6344,6351,0.9,spacy,...
d3eb1393655c,Independence,GPE,6352,6364,0.9,spacy,...
d3eb1393655c,Eritrea,GPE,6369,6376,0.9,spacy,...
d3eb1393655c,"Tigray People's Liberation
Front",ORG,6378,6410,0.9,spacy,...
d3eb1393655c,Tigray,NORP,6418,6424,0.9,spacy,...
d3eb1393655c,Derg,PERSON,6439,6443,0.9,spacy,...
d3eb1393655c,Oromo Liberation Front,ORG,6481,6503,0.9,spacy,...
d3eb1393655c,Oromo,NORP,6544,6549,0.9,spacy,...
d3eb1393655c,TPLF,ORG,6562,6566,0.9,spacy,...
d3eb1393655c,the Ethiopian People's Revolutionary Democratic Front,ORG,6653,6706,0.9,spacy,...
d3eb1393655c,EPRDF,ORG,6708,6713,0.9,spacy,...
d3eb1393655c,Derg,ORG,6785,6789,0.9,spacy,...
d3eb1393655c,Cold War,EVENT,6934,6942,0.9,spacy,...
d3eb1393655c,Soviet,NORP,6967,6973,0.9,spacy,...
d3eb1393655c,EPRDF,ORG,7053,7058,0.9,spacy,...
d3eb1393655c,EPLF,PERSON,7067,7071,0.9,spacy,...
d3eb1393655c,Derg,PERSON,7077,7081,0.9,spacy,...
d3eb1393655c,1989,DATE,7112,7116,0.9,spacy,...
d3eb1393655c,TPLF,ORG,7122,7126,0.9,spacy,...
d3eb1393655c,EPRDF,ORG,7131,7136,0.9,spacy,...
d3eb1393655c,Tigray,GPE,7159,7165,0.9,spacy,...
d3eb1393655c,Amhara,NORP,7170,7176,0.9,spacy,...
d3eb1393655c,1991,DATE,7186,7190,0.9,spacy,...
d3eb1393655c,Addis Ababa,GPE,7221,7232,0.9,spacy,...
d3eb1393655c,Mengistu Haile Mariam,PERSON,7242,7263,0.9,spacy,...
d3eb1393655c,Zimbabwe,GPE,7284,7292,0.9,spacy,...
d3eb1393655c,May 21,DATE,7296,7302,0.9,spacy,...
d3eb1393655c,EPRDF,ORG,7308,7313,0.9,spacy,...
d3eb1393655c,Derg,PERSON,7377,7381,0.9,spacy,...
d3eb1393655c,The Human and Political Cost,ORG,7390,7418,0.9,spacy,...
d3eb1393655c,Derg,PERSON,7423,7427,0.9,spacy,...
d3eb1393655c,Hundreds of thousands,CARDINAL,7479,7500,0.9,spacy,...
d3eb1393655c,Eritrea,GPE,7827,7834,0.9,spacy,...
d3eb1393655c,Derg,PERSON,7900,7904,0.9,spacy,...
d3eb1393655c,period,DATE,7907,7913,0.9,spacy,...
d3eb1393655c,Ethiopian,NORP,7940,7949,0.9,spacy,...
d3eb1393655c,1988,DATE,8111,8115,0.9,spacy,...
d3eb1393655c,Transformation and Continuity,ORG,8118,8147,0.9,spacy,...
d3eb1393655c,Revolutionary Ethiopia,GPE,8151,8173,0.9,spacy,...
d3eb1393655c,Cambridge University Press,ORG,8175,8201,0.9,spacy,...
d3eb1393655c,1991,DATE,8220,8224,0.9,spacy,...
d3eb1393655c,Days,DATE,8232,8236,0.9,spacy,...
d3eb1393655c,Thirty Years of War,DATE,8238,8257,0.9,spacy,...
d3eb1393655c,Ethiopia,GPE,8272,8280,0.9,spacy,...
d3eb1393655c,Human Rights Watch,ORG,8282,8300,0.9,spacy,...
d3eb1393655c,Bahru Zewde,PERSON,8306,8317,0.9,spacy,...
d3eb1393655c,2002,DATE,8320,8324,0.9,spacy,...
d3eb1393655c,Ethiopia,GPE,8347,8355,0.9,spacy,...
d3eb1393655c,1855-19910002_DATE__-1991,DATE,8357,8382,0.9,spacy,...
d3eb1393655c,Ohio University Press,ORG,8384,8405,0.9,spacy,...
d3eb1393655c,1991,DATE,8432,8436,0.9,spacy,...
d3eb1393655c,Ethiopia,GPE,8439,8447,0.9,spacy,...
d3eb1393655c,Derg,PERSON,8485,8489,0.9,spacy,...
d3eb1393655c,Ogaden War,EVENT,8521,8531,0.9,spacy,...
031b1c80c392,Age,DATE,17,20,0.9,spacy,...
031b1c80c392,Ethiopia,GPE,53,61,0.9,spacy,...
031b1c80c392,Gondarine,NORP,70,79,0.9,spacy,...
031b1c80c392,Period,DATE,80,86,0.9,spacy,...
031b1c80c392,period,DATE,139,145,0.9,spacy,...
031b1c80c392,the 15th to the mid-19th,DATE,151,175,0.9,spacy,...
031b1c80c392,century,DATE,176,183,0.9,spacy,...
031b1c80c392,Ethiopian,NORP,187,196,0.9,spacy,...
031b1c80c392,the Solomonic Empire,ORG,311,331,0.9,spacy,...
031b1c80c392,Emperor Zara Yaqob,PERSON,379,397,0.9,spacy,...
031b1c80c392,era,DATE,403,406,0.9,spacy,...
031b1c80c392,Christian,NORP,436,445,0.9,spacy,...
031b1c80c392,Ethiopian War,EVENT,470,483,0.9,spacy,...
031b1c80c392,Gondar,GPE,595,601,0.9,spacy,...
031b1c80c392,Period,DATE,619,625,0.9,spacy,...
031b1c80c392,1632-17690050_DATE__-1769,DATE,628,653,0.9,spacy,...
031b1c80c392,age,DATE,676,679,0.9,spacy,...
031b1c80c392,the Zemene Mesafint,ORG,750,769,0.9,spacy,...
031b1c80c392,century,DATE,790,797,0.9,spacy,...
031b1c80c392,15th-17th,DATE,916,925,0.9,spacy,...
031b1c80c392,The 15th and 16th centuries,DATE,937,964,0.9,spacy,...
031b1c80c392,Christian,NORP,1054,1063,0.9,spacy,...
031b1c80c392,Muslim,NORP,1121,1127,0.9,spacy,...
031b1c80c392,Adal,PERSON,1141,1145,0.9,spacy,...
031b1c80c392,Emperor Zara Yaqob,PERSON,1147,1165,0.9,spacy,...
031b1c80c392,The Architect of Centralization,ORG,1167,1198,0.9,spacy,...
031b1c80c392,1434,CARDINAL,1203,1207,0.9,spacy,...
031b1c80c392,Emperor Zara Yaqob,PERSON,1230,1248,0.9,spacy,...
031b1c80c392,Ethiopian,NORP,1311,1320,0.9,spacy,...
031b1c80c392,Solomonic,ORG,1410,1419,0.9,spacy,...
031b1c80c392,Church,ORG,1483,1489,0.9,spacy,...
031b1c80c392,State,ORG,1498,1503,0.9,spacy,...
031b1c80c392,Zara Yaqob's,PERSON,1574,1586,0.9,spacy,...
031b1c80c392,the Ethiopian Orthodox Tewahedo Church,ORG,1959,1997,0.9,spacy,...
031b1c80c392,the Virgin Mary,PERSON,2084,2099,0.9,spacy,...
031b1c80c392,Ge'ez,FAC,2202,2207,0.9,spacy,...
031b1c80c392,Zara Yaqob's,PERSON,2221,2233,0.9,spacy,...
031b1c80c392,period,DATE,2246,2252,0.9,spacy,...
031b1c80c392,Page 2,LAW,2461,2467,0.9,spacy,...
031b1c80c392,The Crisis of Survival: The Adal-Ethiopian War,WORK_OF_ART,2471,2517,0.9,spacy,...
031b1c80c392,1529-15430043_DATE__-1543,DATE,2519,2544,0.9,spacy,...
031b1c80c392,Solomonic Empire,GPE,2585,2601,0.9,spacy,...
031b1c80c392,16th,ORDINAL,2614,2618,0.9,spacy,...
031b1c80c392,Imam Ahmad ibn Ibrahim al-Ghazi,PERSON,2654,2685,0.9,spacy,...
031b1c80c392,"Ahmad
Gragn",PERSON,2687,2698,0.9,spacy,...
031b1c80c392,Ottoman,NORP,2760,2767,0.9,spacy,...
031b1c80c392,Gragn,PERSON,2776,2781,0.9,spacy,...
031b1c80c392,Christian,NORP,2806,2815,0.9,spacy,...
031b1c80c392,Christian,NORP,2878,2887,0.9,spacy,...
031b1c80c392,Portuguese,NORP,2958,2968,0.9,spacy,...
031b1c80c392,Cristóvão da Gama,PERSON,2997,3014,0.9,spacy,...
031b1c80c392,1541,CARDINAL,3033,3037,0.9,spacy,...
031b1c80c392,Ethiopian,NORP,3052,3061,0.9,spacy,...
031b1c80c392,Portuguese,NORP,3066,3076,0.9,spacy,...
031b1c80c392,Gragn,PERSON,3104,3109,0.9,spacy,...
031b1c80c392,1543,DATE,3113,3117,0.9,spacy,...
031b1c80c392,but the war,EVENT,3119,3130,0.7,rule,...
031b1c80c392,period,DATE,3214,3220,0.9,spacy,...
031b1c80c392,The Jesuit Interlude and Religious Conflict,ORG,3242,3285,0.9,spacy,...
031b1c80c392,Portuguese,NORP,3290,3300,0.9,spacy,...
031b1c80c392,Jesuit,NORP,3359,3365,0.9,spacy,...
031b1c80c392,the Ethiopian Orthodox Church,ORG,3402,3431,0.9,spacy,...
031b1c80c392,r.,NORP,3500,3502,0.9,spacy,...
031b1c80c392,Susenyos,PERSON,3637,3645,0.9,spacy,...
031b1c80c392,1622,CARDINAL,3658,3662,0.9,spacy,...
031b1c80c392,Emperor Susenyos,PERSON,3663,3679,0.9,spacy,...
031b1c80c392,Civil War,EVENT,3764,3773,0.9,spacy,...
031b1c80c392,1624-16320032_DATE__-1632,CARDINAL,3774,3799,0.9,spacy,...
031b1c80c392,Years,DATE,3800,3805,0.9,spacy,...
031b1c80c392,Catholic,NORP,3837,3845,0.9,spacy,...
031b1c80c392,Orthodox,NORP,3878,3886,0.9,spacy,...
031b1c80c392,Susenyos,PERSON,3911,3919,0.9,spacy,...
031b1c80c392,1632,DATE,3932,3936,0.9,spacy,...
031b1c80c392,Susenyos,PERSON,3937,3945,0.9,spacy,...
031b1c80c392,Ethiopian,NORP,4005,4014,0.9,spacy,...
031b1c80c392,Orthodox,NORP,4015,4023,0.9,spacy,...
031b1c80c392,Ethiopian,NORP,4132,4141,0.9,spacy,...
031b1c80c392,period,DATE,4264,4270,0.9,spacy,...
031b1c80c392,Page 3,LAW,4299,4305,0.9,spacy,...
031b1c80c392,Period,DATE,4327,4333,0.9,spacy,...
031b1c80c392,1632-17690027_DATE__-1769,DATE,4335,4360,0.9,spacy,...
031b1c80c392,Period,DATE,4376,4382,0.9,spacy,...
031b1c80c392,Emperor Fasilides,PERSON,4411,4428,0.9,spacy,...
031b1c80c392,r.,NORP,4430,4432,0.9,spacy,...
031b1c80c392,1632-16670024_DATE__-1667,DATE,4433,4458,0.9,spacy,...
031b1c80c392,Gondar,GPE,4602,4608,0.9,spacy,...
031b1c80c392,1636,DATE,4612,4616,0.9,spacy,...
031b1c80c392,centuries-old,DATE,4629,4642,0.9,spacy,...
031b1c80c392,Gondar,GPE,4829,4835,0.9,spacy,...
031b1c80c392,Gondar,GPE,4970,4976,0.9,spacy,...
031b1c80c392,nearly 150 years,DATE,5038,5054,0.9,spacy,...
031b1c80c392,Imperial Court,ORG,5127,5141,0.9,spacy,...
031b1c80c392,Ethiopian,NORP,5336,5345,0.9,spacy,...
031b1c80c392,Orthodox Church,ORG,5346,5361,0.9,spacy,...
031b1c80c392,Fasil Ghebbi,PERSON,5558,5570,0.9,spacy,...
031b1c80c392,the Gondarine,EVENT,5599,5612,0.9,spacy,...
031b1c80c392,Period,DATE,5613,5619,0.9,spacy,...
031b1c80c392,Fasil Ghebbi,PERSON,5658,5670,0.9,spacy,...
031b1c80c392,Royal Enclosure,ORG,5672,5687,0.9,spacy,...
031b1c80c392,UNESCO World Heritage,ORG,5692,5713,0.9,spacy,...
031b1c80c392,Gondar,GPE,5746,5752,0.9,spacy,...
031b1c80c392,Ethiopian,NORP,5828,5837,0.9,spacy,...
031b1c80c392,Indian,NORP,5839,5845,0.9,spacy,...
031b1c80c392,European,NORP,5851,5859,0.9,spacy,...
031b1c80c392,Portuguese,NORP,5897,5907,0.9,spacy,...
031b1c80c392,Indian,NORP,5912,5918,0.9,spacy,...
031b1c80c392,Jesuit,NORP,5951,5957,0.9,spacy,...
031b1c80c392,Fasil Ghebbi,PERSON,5994,6006,0.9,spacy,...
031b1c80c392,Page 4,LAW,6010,6016,0.9,spacy,...
031b1c80c392,Emperor Fasilides,PERSON,6067,6084,0.9,spacy,...
031b1c80c392,four,CARDINAL,6155,6159,0.9,spacy,...
031b1c80c392,Iyasu,ORG,6177,6182,0.9,spacy,...
031b1c80c392,Emperor Iyasu,PERSON,6194,6207,0.9,spacy,...
031b1c80c392,Gondarine,NORP,6318,6327,0.9,spacy,...
031b1c80c392,Mentewab,PERSON,6336,6344,0.9,spacy,...
031b1c80c392,Castle,PRODUCT,6347,6353,0.9,spacy,...
031b1c80c392,Empress Mentewab,PERSON,6354,6370,0.9,spacy,...
031b1c80c392,Empress,ORG,6456,6463,0.9,spacy,...
031b1c80c392,Emperor Fasilides,PERSON,6481,6498,0.9,spacy,...
031b1c80c392,Timkat (Epiphany,FAC,6540,6556,0.9,spacy,...
031b1c80c392,The Gondarine Cultural Renaissance,ORG,6614,6648,0.9,spacy,...
031b1c80c392,Gondarine,NORP,6670,6679,0.9,spacy,...
031b1c80c392,Period,DATE,6680,6686,0.9,spacy,...
031b1c80c392,period,DATE,6798,6804,0.9,spacy,...
031b1c80c392,Debre Berhan,PERSON,6918,6930,0.9,spacy,...
031b1c80c392,Gondar,GPE,7122,7128,0.9,spacy,...
031b1c80c392,period,DATE,7219,7225,0.9,spacy,...
031b1c80c392,Zera Yacob,PERSON,7307,7317,0.9,spacy,...
031b1c80c392,Walda Heywat,PERSON,7335,7347,0.9,spacy,...
031b1c80c392,Zemene Mesafint,PERSON,7433,7448,0.9,spacy,...
031b1c80c392,1769-18550018_DATE__-1855,DATE,7451,7476,0.9,spacy,...
031b1c80c392,Gondarine,NORP,7482,7491,0.9,spacy,...
031b1c80c392,Emperor Iyasu II,PERSON,7540,7556,0.9,spacy,...
031b1c80c392,1755,DATE,7560,7564,0.9,spacy,...
031b1c80c392,period,DATE,7570,7576,0.9,spacy,...
031b1c80c392,1769,DATE,7597,7601,0.9,spacy,...
031b1c80c392,Iyoas,GPE,7636,7641,0.9,spacy,...
031b1c80c392,Ras Mikael Sehul,PERSON,7677,7693,0.9,spacy,...
031b1c80c392,the Zemene Mesafint,LOC,7727,7746,0.9,spacy,...
031b1c80c392,Page 5,LAW,7820,7826,0.9,spacy,...
031b1c80c392,the Zemene Mesafint,FAC,7849,7868,0.9,spacy,...
031b1c80c392,The Zemene Mesafint,ORG,7869,7888,0.9,spacy,...
031b1c80c392,Gondar,GPE,8026,8032,0.9,spacy,...
031b1c80c392,Rases,PERSON,8131,8136,0.9,spacy,...
031b1c80c392,Rases,PERSON,8184,8189,0.9,spacy,...
031b1c80c392,Tigray,GPE,8221,8227,0.9,spacy,...
031b1c80c392,Wollo,GPE,8229,8234,0.9,spacy,...
031b1c80c392,Gojjam,PERSON,8240,8246,0.9,spacy,...
031b1c80c392,Oromo,NORP,8258,8263,0.9,spacy,...
031b1c80c392,Ras Bitwaded,PERSON,8299,8311,0.9,spacy,...
031b1c80c392,The Ethiopian Orthodox Church,ORG,8563,8592,0.9,spacy,...
031b1c80c392,the mid-19th,DATE,8742,8754,0.9,spacy,...
031b1c80c392,century,DATE,8755,8762,0.9,spacy,...
031b1c80c392,Tewodros II,PRODUCT,8821,8832,0.9,spacy,...
031b1c80c392,Ethiopian,NORP,8867,8876,0.9,spacy,...
031b1c80c392,Gondar,GPE,8898,8904,0.9,spacy,...
031b1c80c392,2002,DATE,9032,9036,0.9,spacy,...
031b1c80c392,1855-19910006_DATE__-1991,DATE,9069,9094,0.9,spacy,...
031b1c80c392,Ohio University Press,ORG,9096,9117,0.9,spacy,...
031b1c80c392,Taddesse Tamrat,PERSON,9123,9138,0.9,spacy,...
031b1c80c392,1972,DATE,9141,9145,0.9,spacy,...
031b1c80c392,Church,ORG,9148,9154,0.9,spacy,...
031b1c80c392,State,ORG,9159,9164,0.9,spacy,...
031b1c80c392,Ethiopia,GPE,9168,9176,0.9,spacy,...
031b1c80c392,1270-15270002_DATE__-1527,CARDINAL,9178,9203,0.9,spacy,...
031b1c80c392,Clarendon Press,ORG,9205,9220,0.9,spacy,...
031b1c80c392,R.,NORP,9237,9239,0.9,spacy,...
031b1c80c392,1990,DATE,9241,9245,0.9,spacy,...
031b1c80c392,Social History,ORG,9250,9264,0.9,spacy,...
031b1c80c392,Ethiopia,GPE,9268,9276,0.9,spacy,...
031b1c80c392,Institute of Ethiopian Studies,ORG,9278,9308,0.9,spacy,...
031b1c80c392,World Heritage Centre,ORG,9323,9344,0.9,spacy,...
031b1c80c392,Fasil Ghebbi,PERSON,9346,9358,0.9,spacy,...
031b1c80c392,Gondar Region,GPE,9360,9373,0.9,spacy,...
031b1c80c392,Britannica,NORP,9444,9454,0.9,spacy,...
031b1c80c392,Ethiopia,GPE,9456,9464,0.9,spacy,...
031b1c80c392,Zagwe,ORG,9470,9475,0.9,spacy,...
d062e3b9d79d,"-- Page 1 --
The Federal Democratic Republic: The
EPRDF",PERSON,0,55,0.9,spacy,...
d062e3b9d79d,Era,DATE,56,59,0.9,spacy,...
d062e3b9d79d,1991-20180036_DATE__-2018,DATE,61,86,0.9,spacy,...
d062e3b9d79d,The Ethiopian People's Revolutionary Democratic Front,ORG,138,191,0.9,spacy,...
d062e3b9d79d,era,DATE,200,203,0.9,spacy,...
d062e3b9d79d,"May
1991",DATE,213,221,0.9,spacy,...
d062e3b9d79d,the Tigray People's Liberation Front,ORG,265,301,0.9,spacy,...
d062e3b9d79d,TPLF,ORG,303,307,0.9,spacy,...
d062e3b9d79d,Derg,PERSON,366,370,0.9,spacy,...
d062e3b9d79d,period,DATE,377,383,0.9,spacy,...
d062e3b9d79d,nearly three decades,DATE,394,414,0.9,spacy,...
d062e3b9d79d,Ethiopia,GPE,448,456,0.9,spacy,...
d062e3b9d79d,EPRDF,ORG,506,511,0.9,spacy,...
d062e3b9d79d,"stated goal was to address the root causes of
the civil war",EVENT,514,573,0.7,rule,...
d062e3b9d79d,a Federal Democratic Republic,ORG,656,685,0.9,spacy,...
d062e3b9d79d,era,DATE,745,748,0.9,spacy,...
d062e3b9d79d,Federal State,ORG,915,928,0.9,spacy,...
d062e3b9d79d,1991-19950029_DATE__-1995,DATE,930,955,0.9,spacy,...
d062e3b9d79d,Derg,PERSON,987,991,0.9,spacy,...
d062e3b9d79d,EPRDF,ORG,997,1002,0.9,spacy,...
d062e3b9d79d,the Transitional Government,ORG,1015,1042,0.9,spacy,...
d062e3b9d79d,Ethiopia,GPE,1046,1054,0.9,spacy,...
d062e3b9d79d,TGE,ORG,1056,1059,0.9,spacy,...
d062e3b9d79d,TGE,ORG,1066,1069,0.9,spacy,...
d062e3b9d79d,Eritrea,GPE,1148,1155,0.9,spacy,...
d062e3b9d79d,The Transitional Charter,LAW,1199,1223,0.9,spacy,...
d062e3b9d79d,Eritrean,NORP,1228,1236,0.9,spacy,...
d062e3b9d79d,TGE,ORG,1254,1257,0.9,spacy,...
d062e3b9d79d,Eritrea,GPE,1294,1301,0.9,spacy,...
d062e3b9d79d,1993,DATE,1350,1354,0.9,spacy,...
d062e3b9d79d,Eritrean,NORP,1369,1377,0.9,spacy,...
d062e3b9d79d,decades,DATE,1444,1451,0.9,spacy,...
d062e3b9d79d,Ethiopia,GPE,1519,1527,0.9,spacy,...
d062e3b9d79d,Page 2,LAW,1608,1614,0.9,spacy,...
d062e3b9d79d,The 1995 Constitution and Ethnic Federalism,LAW,1618,1661,0.9,spacy,...
d062e3b9d79d,EPRDF,ORG,1685,1690,0.9,spacy,...
d062e3b9d79d,the 1995 Constitution,LAW,1715,1736,0.9,spacy,...
d062e3b9d79d,Ethiopian,NORP,1772,1781,0.9,spacy,...
d062e3b9d79d,nine,CARDINAL,2013,2017,0.9,spacy,...
d062e3b9d79d,two,CARDINAL,2057,2060,0.9,spacy,...
d062e3b9d79d,Article 39 of the Constitution,LAW,2234,2264,0.9,spacy,...
d062e3b9d79d,the House of People's Representatives,ORG,2605,2642,0.9,spacy,...
d062e3b9d79d,the House of Federation,ORG,2661,2684,0.9,spacy,...
d062e3b9d79d,Constitution,LAW,2742,2754,0.9,spacy,...
d062e3b9d79d,Ethiopia,GPE,2852,2860,0.9,spacy,...
d062e3b9d79d,"The Developmental State Model and Economic
Growth",ORG,2890,2939,0.9,spacy,...
d062e3b9d79d,EPRDF,ORG,2944,2949,0.9,spacy,...
d062e3b9d79d,Derg,PERSON,2999,3003,0.9,spacy,...
d062e3b9d79d,the Developmental State,ORG,3049,3072,0.9,spacy,...
d062e3b9d79d,"East
",NORP,3098,3103,0.9,spacy,...
d062e3b9d79d,Asian,NORP,3103,3108,0.9,spacy,...
d062e3b9d79d,Page 3,LAW,3229,3235,0.9,spacy,...
d062e3b9d79d,the Grand Ethiopian Renaissance Dam - GERD,ORG,3531,3573,0.9,spacy,...
d062e3b9d79d,Derg,PERSON,3656,3660,0.9,spacy,...
d062e3b9d79d,EPRDF,ORG,3686,3691,0.9,spacy,...
d062e3b9d79d,EPRDF,ORG,3807,3812,0.9,spacy,...
d062e3b9d79d,era,DATE,3813,3816,0.9,spacy,...
d062e3b9d79d,Ethiopia,GPE,3821,3829,0.9,spacy,...
d062e3b9d79d,over a decade,DATE,3892,3905,0.9,spacy,...
d062e3b9d79d,Eritrean,NORP,4061,4069,0.9,spacy,...
d062e3b9d79d,Ethiopian War,EVENT,4070,4083,0.7,rule,...
d062e3b9d79d,1998-20000021_DATE__-2000,DATE,4085,4110,0.9,spacy,...
d062e3b9d79d,Derg,PERSON,4163,4167,0.9,spacy,...
d062e3b9d79d,EPRDF,ORG,4191,4196,0.9,spacy,...
d062e3b9d79d,Ethiopian,NORP,4201,4210,0.9,spacy,...
d062e3b9d79d,Eritrean,NORP,4239,4247,0.9,spacy,...
d062e3b9d79d,devastating border war,EVENT,4298,4320,0.7,rule,...
d062e3b9d79d,"Causes and Course of the Conflict
The war",EVENT,4322,4363,0.7,rule,...
d062e3b9d79d,May 1998,DATE,4373,4381,0.9,spacy,...
d062e3b9d79d,Badme,ORG,4449,4454,0.9,spacy,...
d062e3b9d79d,two,CARDINAL,4559,4562,0.9,spacy,...
d062e3b9d79d,scale conventional war,EVENT,4679,4701,0.7,rule,...
d062e3b9d79d,hundreds of thousands,CARDINAL,4713,4734,0.9,spacy,...
d062e3b9d79d,tens of thousands,CARDINAL,4762,4779,0.9,spacy,...
d062e3b9d79d,The Algiers Agreement:,ORG,4809,4831,0.9,spacy,...
d062e3b9d79d,The war,EVENT,4832,4839,0.7,rule,...
d062e3b9d79d,June 2000,DATE,4860,4869,0.9,spacy,...
d062e3b9d79d,the Algiers Agreement,LAW,4890,4911,0.9,spacy,...
d062e3b9d79d,a Boundary Commission,ORG,4939,4960,0.9,spacy,...
d062e3b9d79d,Page 4,LAW,4989,4995,0.9,spacy,...
d062e3b9d79d,No War,EVENT,5004,5010,0.9,spacy,...
d062e3b9d79d,The Boundary Commission's,ORG,5032,5057,0.9,spacy,...
d062e3b9d79d,Badme,ORG,5073,5078,0.9,spacy,...
d062e3b9d79d,Eritrea,GPE,5082,5089,0.9,spacy,...
d062e3b9d79d,Ethiopia,GPE,5095,5103,0.9,spacy,...
d062e3b9d79d,No War,EVENT,5175,5181,0.9,spacy,...
d062e3b9d79d,"nearly two
decades",DATE,5353,5371,0.9,spacy,...
d062e3b9d79d,Political Control,ORG,5377,5394,0.9,spacy,...
d062e3b9d79d,Democratic,NORP,5399,5409,0.9,spacy,...
d062e3b9d79d,Centralism,NORP,5410,5420,0.9,spacy,...
d062e3b9d79d,EPRDF,ORG,5477,5482,0.9,spacy,...
d062e3b9d79d,The Dominant Party System,ORG,5576,5601,0.9,spacy,...
d062e3b9d79d,EPRDF,ORG,5606,5611,0.9,spacy,...
d062e3b9d79d,four,CARDINAL,5631,5635,0.9,spacy,...
d062e3b9d79d,TPLF,ORG,5666,5670,0.9,spacy,...
d062e3b9d79d,Amhara,NORP,5676,5682,0.9,spacy,...
d062e3b9d79d,National Democratic Movement,ORG,5683,5711,0.9,spacy,...
d062e3b9d79d,ANDM,ORG,5713,5717,0.9,spacy,...
d062e3b9d79d,the Oromo People's Democratic Organization,ORG,5720,5762,0.9,spacy,...
d062e3b9d79d,OPDO,ORG,5764,5768,0.9,spacy,...
d062e3b9d79d,Southern Ethiopian,NORP,5779,5797,0.9,spacy,...
d062e3b9d79d,People's Democratic Movement,ORG,5798,5826,0.9,spacy,...
d062e3b9d79d,SEPDM,ORG,5828,5833,0.9,spacy,...
d062e3b9d79d,TPLF,ORG,5840,5844,0.9,spacy,...
d062e3b9d79d,EPRDF,ORG,6039,6044,0.9,spacy,...
d062e3b9d79d,over 99%,PERCENT,6117,6125,0.9,spacy,...
d062e3b9d79d,2005,DATE,6399,6403,0.9,spacy,...
d062e3b9d79d,EPRDF,ORG,6501,6506,0.9,spacy,...
d062e3b9d79d,2018,DATE,6533,6537,0.9,spacy,...
d062e3b9d79d,EPRDF,ORG,6543,6548,0.9,spacy,...
d062e3b9d79d,Page 5,LAW,6650,6656,0.9,spacy,...
d062e3b9d79d,Oromo,NORP,6664,6669,0.9,spacy,...
d062e3b9d79d,Amhara,NORP,6674,6680,0.9,spacy,...
d062e3b9d79d,2015,DATE,6703,6707,0.9,spacy,...
d062e3b9d79d,Oromia,LOC,6763,6769,0.9,spacy,...
d062e3b9d79d,Amhara,NORP,6774,6780,0.9,spacy,...
d062e3b9d79d,Ababa,GPE,6858,6863,0.9,spacy,...
d062e3b9d79d,Oromo,NORP,6883,6888,0.9,spacy,...
d062e3b9d79d,Oromo,NORP,6928,6933,0.9,spacy,...
d062e3b9d79d,TPLF,ORG,7007,7011,0.9,spacy,...
d062e3b9d79d,EPRDF,ORG,7045,7050,0.9,spacy,...
d062e3b9d79d,EPRDF,ORG,7273,7278,0.9,spacy,...
d062e3b9d79d,The Rise of Abiy Ahmed,ORG,7301,7323,0.9,spacy,...
d062e3b9d79d,2018,DATE,7346,7350,0.9,spacy,...
d062e3b9d79d,Abiy Ahmed,PERSON,7356,7366,0.9,spacy,...
d062e3b9d79d,OPDO,ORG,7416,7420,0.9,spacy,...
d062e3b9d79d,EPRDF,ORG,7457,7462,0.9,spacy,...
d062e3b9d79d,Ethiopia,GPE,7509,7517,0.9,spacy,...
d062e3b9d79d,Oromo,NORP,7587,7592,0.9,spacy,...
d062e3b9d79d,Amhara,NORP,7597,7603,0.9,spacy,...
d062e3b9d79d,EPRDF,ORG,7761,7766,0.9,spacy,...
d062e3b9d79d,EPRDF,ORG,7854,7859,0.9,spacy,...
d062e3b9d79d,era,DATE,7860,7863,0.9,spacy,...
d062e3b9d79d,period,DATE,7888,7894,0.9,spacy,...
d062e3b9d79d,devastating war,EVENT,8035,8050,0.7,rule,...
d062e3b9d79d,Ethiopia,GPE,8146,8154,0.9,spacy,...
d062e3b9d79d,2006,DATE,8183,8187,0.9,spacy,...
d062e3b9d79d,Ethiopian,NORP,8213,8222,0.9,spacy,...
d062e3b9d79d,Addis Ababa University Press,ORG,8262,8290,0.9,spacy,...
d062e3b9d79d,2017,DATE,8309,8313,0.9,spacy,...
d062e3b9d79d,Ethiopian,NORP,8320,8329,0.9,spacy,...
d062e3b9d79d,The Oxford Handbook,ORG,8354,8373,0.9,spacy,...
d062e3b9d79d,"Oxford
University Press",ORG,8400,8423,0.9,spacy,...
d062e3b9d79d,Bahru Zewde,PERSON,8429,8440,0.9,spacy,...
d062e3b9d79d,2002,DATE,8443,8447,0.9,spacy,...
d062e3b9d79d,1855-19910002_DATE__-1991,DATE,8480,8505,0.9,spacy,...
d062e3b9d79d,"Ohio
University Press",ORG,8507,8528,0.9,spacy,...
d062e3b9d79d,J.,PERSON,8542,8544,0.9,spacy,...
d062e3b9d79d,2003,DATE,8546,8550,0.9,spacy,...
d062e3b9d79d,Ethiopia,GPE,8553,8561,0.9,spacy,...
d062e3b9d79d,African Studies Review,ORG,8618,8640,0.9,spacy,...
d062e3b9d79d,Ethiopian People's Revolutionary,ORG,8657,8689,0.9,spacy,...
d062e3b9d79d,Eritrean,NORP,8738,8746,0.9,spacy,...
d062e3b9d79d,"Ethiopian
War",EVENT,8747,8760,0.7,rule,...
f88585105666,"-- Page 1 --
Research Findings:",PERSON,0,31,0.9,spacy,...
f88585105666,Period,DATE,52,58,0.9,spacy,...
f88585105666,Dʿmt,NORP,60,64,0.9,spacy,...
f88585105666,Aksum,GPE,69,74,0.9,spacy,...
f88585105666,One,CARDINAL,130,133,0.9,spacy,...
f88585105666,Ethiopia,GPE,173,181,0.9,spacy,...
f88585105666,Yeha,GPE,195,199,0.9,spacy,...
f88585105666,Almouqah,PERSON,283,291,0.9,spacy,...
f88585105666,South Arabia,GPE,400,412,0.9,spacy,...
f88585105666,Sabaeans,NORP,414,422,0.9,spacy,...
f88585105666,South Arabian,NORP,473,486,0.9,spacy,...
f88585105666,Kingdom of Aksum,ORG,512,528,0.9,spacy,...
f88585105666,one,CARDINAL,592,595,0.9,spacy,...
f88585105666,four,CARDINAL,603,607,0.9,spacy,...
f88585105666,century,DATE,632,639,0.9,spacy,...
f88585105666,Rome,GPE,651,655,0.9,spacy,...
f88585105666,Persia,GPE,657,663,0.9,spacy,...
f88585105666,China,GPE,669,674,0.9,spacy,...
f88585105666,Periplus,ORG,720,728,0.9,spacy,...
f88585105666,the Erythraean Sea,LOC,732,750,0.9,spacy,...
f88585105666,Gedara,PERSON,754,760,0.9,spacy,...
f88585105666,First,ORDINAL,769,774,0.9,spacy,...
f88585105666,South Arabian,NORP,792,805,0.9,spacy,...
f88585105666,First,ORDINAL,826,831,0.9,spacy,...
f88585105666,Christianity,NORP,869,881,0.9,spacy,...
f88585105666,Kush,PERSON,911,915,0.9,spacy,...
f88585105666,Yemen,GPE,967,972,0.9,spacy,...
f88585105666,Christians,NORP,985,995,0.9,spacy,...
f88585105666,"Great
Stele",PERSON,1072,1083,0.9,spacy,...
f88585105666,Ezana Stele,PERSON,1085,1096,0.9,spacy,...
f88585105666,Rome Stele,PERSON,1098,1108,0.9,spacy,...
f88585105666,Ta'akha Maryam,PERSON,1122,1136,0.9,spacy,...
f88585105666,Dungur,ORG,1138,1144,0.9,spacy,...
f88585105666,Gebre Meskel,PERSON,1229,1241,0.9,spacy,...
f88585105666,Lady Mary,PERSON,1269,1278,0.9,spacy,...
f88585105666,Negusa Nagast,LOC,1336,1349,0.9,spacy,...
f88585105666,Greek,NORP,1503,1508,0.9,spacy,...
f88585105666,Ge'ez,FAC,1513,1518,0.9,spacy,...
f88585105666,Red Sea,LOC,1555,1562,0.9,spacy,...
f88585105666,Adulis,PERSON,1577,1583,0.9,spacy,...
f88585105666,Astar,PRODUCT,1669,1674,0.9,spacy,...
f88585105666,Beher,PERSON,1676,1681,0.9,spacy,...
f88585105666,Mahrem,PERSON,1690,1696,0.9,spacy,...
f88585105666,Christianity,NORP,1701,1713,0.9,spacy,...
1b532b8b25d6,"-- Page 1 --
Research Findings:",PERSON,0,31,0.9,spacy,...
1b532b8b25d6,Period,DATE,57,63,0.9,spacy,...
1b532b8b25d6,Early Modern,EVENT,64,76,0.9,spacy,...
1b532b8b25d6,Period,DATE,77,83,0.9,spacy,...
1b532b8b25d6,1434-14680012_DATE__-1468,DATE,132,157,0.9,spacy,...
1b532b8b25d6,Susenyos,PERSON,230,238,0.9,spacy,...
1b532b8b25d6,1607-16320009_DATE__-1632,DATE,240,265,0.9,spacy,...
1b532b8b25d6,"leading
to civil war",EVENT,302,322,0.7,rule,...
1b532b8b25d6,Orthodox Christianity,NORP,628,649,0.9,spacy,...
1b532b8b25d6,Jesuit,NORP,654,660,0.9,spacy,...
1b532b8b25d6,Period,DATE,695,701,0.9,spacy,...
1b532b8b25d6,1632-17690005_DATE__-1769,DATE,703,728,0.9,spacy,...
1b532b8b25d6,period,DATE,744,750,0.9,spacy,...
1b532b8b25d6,Gondar,GPE,818,824,0.9,spacy,...
1b532b8b25d6,Gondar,GPE,861,867,0.9,spacy,...
1b532b8b25d6,Fasil Ghebbi,PERSON,879,891,0.9,spacy,...
1b532b8b25d6,Iyasu,NORP,919,924,0.9,spacy,...
1b532b8b25d6,Gondarine,NORP,948,957,0.9,spacy,...
1b532b8b25d6,Empress Mentewab,PERSON,1031,1047,0.9,spacy,...
1b532b8b25d6,Fasil Ghebbi,PERSON,1115,1127,0.9,spacy,...
1b532b8b25d6,Royal Enclosure,ORG,1129,1144,0.9,spacy,...
1b532b8b25d6,Castle,PRODUCT,1209,1215,0.9,spacy,...
1b532b8b25d6,Iyasu,ORG,1217,1222,0.9,spacy,...
1b532b8b25d6,Timkat (Epiphany,ORG,1276,1292,0.9,spacy,...
1b532b8b25d6,Ethiopian,NORP,1618,1627,0.9,spacy,...
1b532b8b25d6,Indian,NORP,1629,1635,0.9,spacy,...
1b532b8b25d6,European,NORP,1641,1649,0.9,spacy,...
1b532b8b25d6,Page 2,LAW,1665,1671,0.9,spacy,...
1b532b8b25d6,Zemene Mesafint,PERSON,1691,1706,0.9,spacy,...
1b532b8b25d6,1769-18550001_DATE__-1855,DATE,1709,1734,0.9,spacy,...
1b532b8b25d6,period,DATE,1750,1756,0.9,spacy,...
1b532b8b25d6,Rases,PERSON,1806,1811,0.9,spacy,...
1b532b8b25d6,Gondar,GPE,1861,1867,0.9,spacy,...
1b532b8b25d6,Tigray,GPE,1952,1958,0.9,spacy,...
1b532b8b25d6,Wollo,ORG,1960,1965,0.9,spacy,...
1b532b8b25d6,Gojjam,PERSON,1971,1977,0.9,spacy,...
53d3c1ea4899,"-- Page 1 --
Research Findings: Medieval",PERSON,0,40,0.9,spacy,...
53d3c1ea4899,Period,DATE,41,47,0.9,spacy,...
53d3c1ea4899,Zagwe,ORG,49,54,0.9,spacy,...
53d3c1ea4899,Solomonic Dynasties,GPE,59,78,0.9,spacy,...
53d3c1ea4899,1137TITY_0006_DATE__0005_DATE__-1270,CARDINAL,126,162,0.9,spacy,...
53d3c1ea4899,Roha (Lalibela,ORG,209,223,0.9,spacy,...
53d3c1ea4899,King Lalibela,PERSON,308,321,0.9,spacy,...
53d3c1ea4899,Zagwe,GPE,339,344,0.9,spacy,...
53d3c1ea4899,King Gebre Meskel Lalibela,PERSON,403,429,0.9,spacy,...
53d3c1ea4899,Zagwe,ORG,465,470,0.9,spacy,...
53d3c1ea4899,11,CARDINAL,525,527,0.9,spacy,...
53d3c1ea4899,Biete Medhane Alem,PERSON,578,596,0.9,spacy,...
53d3c1ea4899,Biete Ghiorgis,PERSON,598,612,0.9,spacy,...
53d3c1ea4899,Yemrehana Krestos Church,ORG,617,641,0.9,spacy,...
53d3c1ea4899,Aksumite,NORP,773,781,0.9,spacy,...
53d3c1ea4899,Agaw,PERSON,795,799,0.9,spacy,...
53d3c1ea4899,Christian,NORP,887,896,0.9,spacy,...
53d3c1ea4899,Ethiopian Orthodox,NORP,954,972,0.9,spacy,...
53d3c1ea4899,Ge'ez,LOC,990,995,0.9,spacy,...
53d3c1ea4899,1270-19740002_DATE__-1974,CARDINAL,1027,1052,0.9,spacy,...
53d3c1ea4899,Yekuno Amlak,PERSON,1077,1089,0.9,spacy,...
53d3c1ea4899,"King
Solomon",GPE,1113,1125,0.9,spacy,...
53d3c1ea4899,the Queen of Sheba,LOC,1130,1148,0.9,spacy,...
53d3c1ea4899,This dynasty,DATE,1150,1162,0.9,spacy,...
53d3c1ea4899,Zagwe,ORG,1238,1243,0.9,spacy,...
53d3c1ea4899,Debre Libanos,PERSON,1452,1465,0.9,spacy,...
53d3c1ea4899,Debre Hayk Istifanos,PERSON,1467,1487,0.9,spacy,...
53d3c1ea4899,Katama,WORK_OF_ART,1513,1519,0.9,spacy,...
53d3c1ea4899,Page 2,LAW,1849,1855,0.9,spacy,...
53d3c1ea4899,Muslim,NORP,2004,2010,0.9,spacy,...
53d3c1ea4899,Ifat,PERSON,2029,2033,0.9,spacy,...
53d3c1ea4899,Adal,PERSON,2035,2039,0.9,spacy,...
b1f3af4a4305,"-- Page 1 --
Research Findings:",PERSON,0,31,0.9,spacy,...
b1f3af4a4305,Ethiopia,GPE,39,47,0.9,spacy,...
b1f3af4a4305,"1855-
1974",DATE,49,59,0.9,spacy,...
b1f3af4a4305,Unification and Modernization,ORG,61,90,0.9,spacy,...
b1f3af4a4305,1855-18890033_DATE__-1889,DATE,92,117,0.9,spacy,...
b1f3af4a4305,Emperor Tewodros II,PERSON,121,140,0.9,spacy,...
b1f3af4a4305,1855-18680029_DATE__-1868,DATE,142,167,0.9,spacy,...
b1f3af4a4305,Ethiopia,GPE,218,226,0.9,spacy,...
b1f3af4a4305,Emperor Yohannes IV,PERSON,420,439,0.9,spacy,...
b1f3af4a4305,1872-18890025_DATE__-1889,DATE,441,466,0.9,spacy,...
b1f3af4a4305,Ethiopia,GPE,490,498,0.9,spacy,...
b1f3af4a4305,Egyptian,NORP,507,515,0.9,spacy,...
b1f3af4a4305,Mahdist,PERSON,517,524,0.9,spacy,...
b1f3af4a4305,Mekelle,GPE,584,591,0.9,spacy,...
b1f3af4a4305,Independence,GPE,703,715,0.9,spacy,...
b1f3af4a4305,1889-19300021_DATE__-1930,DATE,717,742,0.9,spacy,...
b1f3af4a4305,Emperor Menelik II,PERSON,746,764,0.9,spacy,...
b1f3af4a4305,1889-19130017_DATE__-1913,DATE,766,791,0.9,spacy,...
b1f3af4a4305,Italy,GPE,815,820,0.9,spacy,...
b1f3af4a4305,the Battle of Adwa,FAC,824,842,0.9,spacy,...
b1f3af4a4305,1896,DATE,844,848,0.9,spacy,...
b1f3af4a4305,Addis Ababa,GPE,881,892,0.9,spacy,...
b1f3af4a4305,Addis Ababa,GPE,926,937,0.9,spacy,...
b1f3af4a4305,St. George's Cathe-,PERSON,940,959,0.9,spacy,...
b1f3af4a4305,Entoto Maryam Church,ORG,966,986,0.9,spacy,...
b1f3af4a4305,Empress Zewditu,PERSON,1088,1103,0.9,spacy,...
b1f3af4a4305,1916-19300012_DATE__-1930,DATE,1105,1130,0.9,spacy,...
b1f3af4a4305,First,ORDINAL,1145,1150,0.9,spacy,...
b1f3af4a4305,Ethiopia,GPE,1176,1184,0.9,spacy,...
b1f3af4a4305,Ras Teferi,PERSON,1228,1238,0.9,spacy,...
b1f3af4a4305,Haile Selassie,PERSON,1240,1254,0.9,spacy,...
b1f3af4a4305,Addis Ababa,GPE,1295,1306,0.9,spacy,...
b1f3af4a4305,Ras Teferi,PERSON,1357,1367,0.9,spacy,...
b1f3af4a4305,Regent,LOC,1371,1377,0.9,spacy,...
b1f3af4a4305,1930-19740008_DATE__-1974,DATE,1408,1433,0.9,spacy,...
b1f3af4a4305,Emperor Haile Selassie,PERSON,1437,1459,0.9,spacy,...
b1f3af4a4305,20th-,DATE,1493,1498,0.9,spacy,...
b1f3af4a4305,century,DATE,1498,1505,0.9,spacy,...
b1f3af4a4305,Ethiopia,GPE,1506,1514,0.9,spacy,...
b1f3af4a4305,Italian,NORP,1539,1546,0.9,spacy,...
b1f3af4a4305,1935-19410004_DATE__-1941,DATE,1559,1584,0.9,spacy,...
b1f3af4a4305,Jubilee Palace,FAC,1625,1639,0.9,spacy,...
b1f3af4a4305,Africa Hall,FAC,1641,1652,0.9,spacy,...
b1f3af4a4305,OAU,ORG,1654,1657,0.9,spacy,...
b1f3af4a4305,Trinity Cathedral,ORG,1678,1695,0.9,spacy,...
b1f3af4a4305,National Museum of Ethiopia,ORG,1697,1724,0.9,spacy,...
b1f3af4a4305,1931,DATE,1756,1760,0.9,spacy,...
b1f3af4a4305,1955,DATE,1765,1769,0.9,spacy,...
b1f3af4a4305,first,ORDINAL,1785,1790,0.9,spacy,...
b1f3af4a4305,Page 2,LAW,1896,1902,0.9,spacy,...
b1f3af4a4305,OAU,ORG,1937,1940,0.9,spacy,...
b1f3af4a4305,"the League of Na-
tions",ORG,1949,1972,0.9,spacy,...
b1f3af4a4305,UN,ORG,1977,1979,0.9,spacy,...
b1f3af4a4305,1974,DATE,2014,2018,0.9,spacy,...
b1f3af4a4305,Derg,PERSON,2026,2030,0.9,spacy,...
175c7fd9abeb,"-- Page 1 --
The Imperial Zenith and Collapse: The
",PERSON,0,51,0.9,spacy,...
175c7fd9abeb,Emperor Haile Selassie,PERSON,58,80,0.9,spacy,...
175c7fd9abeb,"1930-
1974",DATE,84,94,0.9,spacy,...
175c7fd9abeb,Lij Tafari Makonnen,PERSON,181,200,0.9,spacy,...
175c7fd9abeb,nearly half,CARDINAL,210,221,0.9,spacy,...
175c7fd9abeb,century,DATE,224,231,0.9,spacy,...
175c7fd9abeb,"the Solomonic
Dynasty",ORG,288,309,0.9,spacy,...
175c7fd9abeb,European,NORP,595,603,0.9,spacy,...
175c7fd9abeb,Ethiopia,GPE,632,640,0.9,spacy,...
175c7fd9abeb,Pan-African,NORP,697,708,0.9,spacy,...
175c7fd9abeb,1974,DATE,831,835,0.9,spacy,...
175c7fd9abeb,"3,000-year-old",DATE,858,872,0.9,spacy,...
175c7fd9abeb,"I. Early Life, Regency",ORG,883,905,0.9,spacy,...
175c7fd9abeb,Coronation,PERSON,911,921,0.9,spacy,...
175c7fd9abeb,1892-19300062_DATE__-1930,DATE,923,948,0.9,spacy,...
175c7fd9abeb,Haile Selassie's,PERSON,950,966,0.9,spacy,...
175c7fd9abeb,Sidamo,FAC,1089,1095,0.9,spacy,...
175c7fd9abeb,Harar,PERSON,1106,1111,0.9,spacy,...
175c7fd9abeb,1916,DATE,1221,1225,0.9,spacy,...
175c7fd9abeb,Regent Plenipotentiary,ORG,1244,1266,0.9,spacy,...
175c7fd9abeb,Empress Zewditu,PERSON,1288,1303,0.9,spacy,...
175c7fd9abeb,Menelik II,WORK_OF_ART,1321,1331,0.9,spacy,...
175c7fd9abeb,Regency,ORG,1337,1344,0.9,spacy,...
175c7fd9abeb,1916-19300056_DATE__-1930,DATE,1346,1371,0.9,spacy,...
175c7fd9abeb,Ras Tafari Makonnen,PERSON,1384,1403,0.9,spacy,...
175c7fd9abeb,Empress,ORG,1473,1480,0.9,spacy,...
175c7fd9abeb,Ethiopia,GPE,1573,1581,0.9,spacy,...
175c7fd9abeb,the League of Nations,ORG,1645,1666,0.9,spacy,...
175c7fd9abeb,1923,DATE,1670,1674,0.9,spacy,...
175c7fd9abeb,Ethiopia,GPE,1762,1770,0.9,spacy,...
175c7fd9abeb,Page 2,LAW,1797,1803,0.9,spacy,...
175c7fd9abeb,1930,DATE,1846,1850,0.9,spacy,...
175c7fd9abeb,Empress Zewditu,PERSON,1875,1890,0.9,spacy,...
175c7fd9abeb,Emperor Haile Selassie I,PERSON,1907,1931,0.9,spacy,...
175c7fd9abeb,Solomonic,ORG,2040,2049,0.9,spacy,...
175c7fd9abeb,1931,DATE,2060,2064,0.9,spacy,...
175c7fd9abeb,One,CARDINAL,2078,2081,0.9,spacy,...
175c7fd9abeb,first,ORDINAL,2089,2094,0.9,spacy,...
175c7fd9abeb,the 1931 Constitution,LAW,2135,2156,0.9,spacy,...
175c7fd9abeb,Ethiopia,GPE,2158,2166,0.9,spacy,...
175c7fd9abeb,first,ORDINAL,2169,2174,0.9,spacy,...
175c7fd9abeb,The Crisis of Sovereignty: The Italian Invasion,WORK_OF_ART,2544,2591,0.9,spacy,...
175c7fd9abeb,1935-19410047_DATE__-1941,DATE,2593,2618,0.9,spacy,...
175c7fd9abeb,Haile Selassie's,PERSON,2646,2662,0.9,spacy,...
175c7fd9abeb,Fascist,NORP,2700,2707,0.9,spacy,...
175c7fd9abeb,Italy,GPE,2708,2713,0.9,spacy,...
175c7fd9abeb,Benito Mussolini,PERSON,2720,2736,0.9,spacy,...
175c7fd9abeb,1935,DATE,2740,2744,0.9,spacy,...
175c7fd9abeb,Ethiopia,GPE,2754,2762,0.9,spacy,...
175c7fd9abeb,League of Nations,ORG,2777,2794,0.9,spacy,...
175c7fd9abeb,the League of Nations,ORG,2878,2899,0.9,spacy,...
175c7fd9abeb,1936,DATE,2903,2907,0.9,spacy,...
175c7fd9abeb,Haile Selassie,PERSON,2940,2954,0.9,spacy,...
175c7fd9abeb,the League of Nations,ORG,3001,3022,0.9,spacy,...
175c7fd9abeb,Geneva,GPE,3026,3032,0.9,spacy,...
175c7fd9abeb,Italian,NORP,3124,3131,0.9,spacy,...
175c7fd9abeb,today,DATE,3201,3206,0.9,spacy,...
175c7fd9abeb,tomorrow,DATE,3223,3231,0.9,spacy,...
175c7fd9abeb,the years,DATE,3439,3448,0.9,spacy,...
175c7fd9abeb,"Bath, England",ORG,3475,3488,0.9,spacy,...
175c7fd9abeb,Ethiopian,NORP,3524,3533,0.9,spacy,...
175c7fd9abeb,Page 3,LAW,3558,3564,0.9,spacy,...
175c7fd9abeb,Liberation,ORG,3572,3582,0.9,spacy,...
175c7fd9abeb,1941,DATE,3586,3590,0.9,spacy,...
175c7fd9abeb,British,NORP,3612,3619,0.9,spacy,...
175c7fd9abeb,Ethiopian,NORP,3631,3640,0.9,spacy,...
175c7fd9abeb,Haile Selassie,PERSON,3651,3665,0.9,spacy,...
175c7fd9abeb,Addis Ababa,GPE,3678,3689,0.9,spacy,...
175c7fd9abeb,five years,DATE,3759,3769,0.9,spacy,...
175c7fd9abeb,Post-War Reconstruction and Modernization,ORG,3945,3986,0.9,spacy,...
175c7fd9abeb,"1941-
1960",DATE,3988,3998,0.9,spacy,...
175c7fd9abeb,period,DATE,4013,4019,0.9,spacy,...
175c7fd9abeb,Haile Selassie,PERSON,4024,4038,0.9,spacy,...
175c7fd9abeb,1955,DATE,4158,4162,0.9,spacy,...
175c7fd9abeb,1955,DATE,4188,4192,0.9,spacy,...
175c7fd9abeb,gult,NORP,4425,4429,0.9,spacy,...
175c7fd9abeb,Institutional Development,ORG,4562,4587,0.9,spacy,...
175c7fd9abeb,Page 4,LAW,4666,4672,0.9,spacy,...
175c7fd9abeb,1950,DATE,4751,4755,0.9,spacy,...
175c7fd9abeb,Imperial,ORG,4868,4876,0.9,spacy,...
175c7fd9abeb,Ethiopian,NORP,4998,5007,0.9,spacy,...
175c7fd9abeb,1945,DATE,5017,5021,0.9,spacy,...
175c7fd9abeb,Africa,LOC,5114,5120,0.9,spacy,...
175c7fd9abeb,"Imperial
Highway
Authority",ORG,5149,5175,0.9,spacy,...
175c7fd9abeb,1951,DATE,5176,5180,0.9,spacy,...
175c7fd9abeb,Haile Selassie,PERSON,5301,5315,0.9,spacy,...
175c7fd9abeb,African,NORP,5390,5397,0.9,spacy,...
175c7fd9abeb,Addis Ababa,GPE,5413,5424,0.9,spacy,...
175c7fd9abeb,1963,DATE,5449,5453,0.9,spacy,...
175c7fd9abeb,the Organization of African Unity,ORG,5481,5514,0.9,spacy,...
175c7fd9abeb,Africa Hall,LOC,5595,5606,0.9,spacy,...
175c7fd9abeb,Ethiopia,GPE,5636,5644,0.9,spacy,...
175c7fd9abeb,Africa,LOC,5681,5687,0.9,spacy,...
175c7fd9abeb,Haile Selassie's,PERSON,5717,5733,0.9,spacy,...
175c7fd9abeb,Dissent,PERSON,5787,5794,0.9,spacy,...
175c7fd9abeb,1960-19740028_DATE__-1974,DATE,5796,5821,0.9,spacy,...
175c7fd9abeb,The 1960 Coup Attempt,ORG,6035,6056,0.9,spacy,...
175c7fd9abeb,first,ORDINAL,6061,6066,0.9,spacy,...
175c7fd9abeb,December 1960,DATE,6115,6128,0.9,spacy,...
175c7fd9abeb,the Imperial Bodyguard,ORG,6153,6175,0.9,spacy,...
175c7fd9abeb,Mengistu Neway,PERSON,6193,6207,0.9,spacy,...
175c7fd9abeb,Germame Neway,PERSON,6212,6225,0.9,spacy,...
175c7fd9abeb,Page 5,LAW,6374,6380,0.9,spacy,...
175c7fd9abeb,Growing Student,ORG,6679,6694,0.9,spacy,...
175c7fd9abeb,the 1960s,DATE,6734,6743,0.9,spacy,...
175c7fd9abeb,Haile Selassie,PERSON,6766,6780,0.9,spacy,...
175c7fd9abeb,Tiller,PERSON,7035,7041,0.9,spacy,...
175c7fd9abeb,The Eritrean Conflict,EVENT,7142,7163,0.9,spacy,...
175c7fd9abeb,Eritrea,GPE,7182,7189,0.9,spacy,...
175c7fd9abeb,Ethiopia,GPE,7193,7201,0.9,spacy,...
175c7fd9abeb,14th,ORDINAL,7204,7208,0.9,spacy,...
175c7fd9abeb,1962,DATE,7221,7225,0.9,spacy,...
175c7fd9abeb,UN,ORG,7290,7292,0.9,spacy,...
175c7fd9abeb,Eritrean Liberation Front,ORG,7341,7366,0.9,spacy,...
175c7fd9abeb,the Eritrean People's Liberation Front,ORG,7383,7421,0.9,spacy,...
175c7fd9abeb,The Final Years and the Revolution,EVENT,7525,7559,0.7,rule,...
175c7fd9abeb,1973-19740019_DATE__-1974,DATE,7561,7586,0.9,spacy,...
175c7fd9abeb,The final years,DATE,7588,7603,0.9,spacy,...
175c7fd9abeb,Haile Selassie's,PERSON,7607,7623,0.9,spacy,...
175c7fd9abeb,The Wollo Famine,ORG,7743,7759,0.9,spacy,...
175c7fd9abeb,1973,DATE,7761,7765,0.9,spacy,...
175c7fd9abeb,Wollo,GPE,7821,7826,0.9,spacy,...
175c7fd9abeb,Tigray,GPE,7831,7837,0.9,spacy,...
175c7fd9abeb,between 1972,DATE,7838,7850,0.9,spacy,...
175c7fd9abeb,1974,DATE,7855,7859,0.9,spacy,...
175c7fd9abeb,"an estimated 200,000 to 400,000",CARDINAL,7888,7919,0.9,spacy,...
175c7fd9abeb,BBC,ORG,8076,8079,0.9,spacy,...
175c7fd9abeb,80th,ORDINAL,8227,8231,0.9,spacy,...
175c7fd9abeb,early 1974,DATE,8514,8524,0.9,spacy,...
175c7fd9abeb,"the Coordinating Committee of the Armed Forces, Police",ORG,8599,8653,0.9,spacy,...
175c7fd9abeb,Territorial Army,ORG,8659,8675,0.9,spacy,...
175c7fd9abeb,Derg,PERSON,8709,8713,0.9,spacy,...
175c7fd9abeb,Derg,PERSON,8719,8723,0.9,spacy,...
175c7fd9abeb,September 12,DATE,8813,8825,0.9,spacy,...
175c7fd9abeb,Emperor Haile Selassie,PERSON,8849,8871,0.9,spacy,...
175c7fd9abeb,"3,000-year-old",DATE,8937,8951,0.9,spacy,...
175c7fd9abeb,Solomonic Dynasty,EVENT,8952,8969,0.9,spacy,...
175c7fd9abeb,Ethiopian,NORP,9183,9192,0.9,spacy,...
175c7fd9abeb,2002,DATE,9232,9236,0.9,spacy,...
175c7fd9abeb,Ethiopia,GPE,9252,9260,0.9,spacy,...
175c7fd9abeb,University of California Press,ORG,9262,9292,0.9,spacy,...
175c7fd9abeb,Selassie I.,PERSON,9304,9315,0.9,spacy,...
175c7fd9abeb,1936,DATE,9317,9321,0.9,spacy,...
175c7fd9abeb,the League of Nations,ORG,9334,9355,0.9,spacy,...
175c7fd9abeb,Geneva,GPE,9357,9363,0.9,spacy,...
175c7fd9abeb,Switzerland,GPE,9365,9376,0.9,spacy,...
175c7fd9abeb,Zewde,PERSON,9388,9393,0.9,spacy,...
175c7fd9abeb,2002,DATE,9396,9400,0.9,spacy,...
175c7fd9abeb,1855-19910005_DATE__-1991,DATE,9433,9458,0.9,spacy,...
175c7fd9abeb,Ohio University Press,ORG,9460,9481,0.9,spacy,...
175c7fd9abeb,1991,DATE,9500,9504,0.9,spacy,...
175c7fd9abeb,Days,DATE,9512,9516,0.9,spacy,...
175c7fd9abeb,Thirty Years of War,DATE,9518,9537,0.9,spacy,...
175c7fd9abeb,Ethiopia,GPE,9552,9560,0.9,spacy,...
175c7fd9abeb,1988,DATE,9599,9603,0.9,spacy,...
175c7fd9abeb,Transformation and Continuity,ORG,9606,9635,0.9,spacy,...
175c7fd9abeb,Revolutionary,GPE,9639,9652,0.9,spacy,...
175c7fd9abeb,Ethiopia,GPE,9653,9661,0.9,spacy,...
175c7fd9abeb,Cambridge University Press,ORG,9663,9689,0.9,spacy,...
175c7fd9abeb,Haile Selassie,PERSON,9706,9720,0.9,spacy,...
175c7fd9abeb,1960,DATE,9752,9756,0.9,spacy,...
175c7fd9abeb,Ethiopian,NORP,9757,9766,0.9,spacy,...
c7541cbc47ce,"-- Page 1 --
The Medieval Ethiopian Empire",PERSON,0,42,0.9,spacy,...
c7541cbc47ce,"Zagwe
Renaissance to Solomonic Restoration
Introduction",ORG,49,104,0.9,spacy,...
c7541cbc47ce,The Christian Kingdom,GPE,106,127,0.9,spacy,...
c7541cbc47ce,Period,DATE,154,160,0.9,spacy,...
c7541cbc47ce,Ethiopian,NORP,164,173,0.9,spacy,...
c7541cbc47ce,"the 12th to the 16th
centuries",DATE,197,227,0.9,spacy,...
c7541cbc47ce,the Aksumite Empire,GPE,354,373,0.9,spacy,...
c7541cbc47ce,Christian,NORP,389,398,0.9,spacy,...
c7541cbc47ce,period,DATE,475,481,0.9,spacy,...
c7541cbc47ce,two,CARDINAL,496,499,0.9,spacy,...
c7541cbc47ce,Zagwe,ORG,521,526,0.9,spacy,...
c7541cbc47ce,1137TITY_0045_DATE__0044_DATE__-1270,CARDINAL,569,605,0.9,spacy,...
c7541cbc47ce,the Solomonic Dynasty,EVENT,667,688,0.9,spacy,...
c7541cbc47ce,1270-19740041_DATE__-1974,CARDINAL,690,715,0.9,spacy,...
c7541cbc47ce,century,DATE,827,834,0.9,spacy,...
c7541cbc47ce,era,DATE,841,844,0.9,spacy,...
c7541cbc47ce,Ethiopia,GPE,877,885,0.9,spacy,...
c7541cbc47ce,Christian,NORP,915,924,0.9,spacy,...
c7541cbc47ce,the Horn of Africa,LOC,936,954,0.9,spacy,...
c7541cbc47ce,I. The Zagwe Dynasty,ORG,956,976,0.9,spacy,...
c7541cbc47ce,1137TITY_0035_DATE__0034_DATE__-1270,CARDINAL,1009,1045,0.9,spacy,...
c7541cbc47ce,The Zagwe Dynasty,ORG,1047,1064,0.9,spacy,...
c7541cbc47ce,Lasta,ORG,1080,1085,0.9,spacy,...
c7541cbc47ce,Aksumite,NORP,1125,1133,0.9,spacy,...
c7541cbc47ce,Agaw,PERSON,1160,1164,0.9,spacy,...
c7541cbc47ce,Cushitic,ORG,1175,1183,0.9,spacy,...
c7541cbc47ce,Zagwe,ORG,1338,1343,0.9,spacy,...
c7541cbc47ce,the Ethiopian Orthodox Tewahedo Church,ORG,1380,1418,0.9,spacy,...
c7541cbc47ce,Zagwe,ORG,1567,1572,0.9,spacy,...
c7541cbc47ce,Roha,ORG,1613,1617,0.9,spacy,...
c7541cbc47ce,Lalibela,ORG,1633,1641,0.9,spacy,...
c7541cbc47ce,Christian,NORP,1838,1847,0.9,spacy,...
c7541cbc47ce,Solomonic,ORG,1977,1986,0.9,spacy,...
c7541cbc47ce,the Ethiopianization of the countryside,ORG,2081,2120,0.9,spacy,...
c7541cbc47ce,Agaw,PERSON,2138,2142,0.9,spacy,...
c7541cbc47ce,Christian,NORP,2159,2168,0.9,spacy,...
c7541cbc47ce,King Lalibela,PERSON,2186,2199,0.9,spacy,...
c7541cbc47ce,the Architectural Renaissance,ORG,2204,2233,0.9,spacy,...
c7541cbc47ce,Zagwe,ORG,2267,2272,0.9,spacy,...
c7541cbc47ce,era,DATE,2273,2276,0.9,spacy,...
c7541cbc47ce,King Lalibela,PERSON,2281,2294,0.9,spacy,...
c7541cbc47ce,1185TITY_0030_DATE__-,CARDINAL,2335,2356,0.9,spacy,...
c7541cbc47ce,Ethiopian,NORP,2456,2465,0.9,spacy,...
c7541cbc47ce,Christianity,NORP,2466,2478,0.9,spacy,...
c7541cbc47ce,UNESCO World Heritage,ORG,2485,2506,0.9,spacy,...
c7541cbc47ce,The Rock-Hewn Churches,ORG,2513,2535,0.9,spacy,...
c7541cbc47ce,eleven,CARDINAL,2586,2592,0.9,spacy,...
c7541cbc47ce,Page 2,LAW,2667,2673,0.9,spacy,...
c7541cbc47ce,New Jerusalem,GPE,2741,2754,0.9,spacy,...
c7541cbc47ce,Ethiopia,GPE,2759,2767,0.9,spacy,...
c7541cbc47ce,the Holy Land,LOC,2817,2830,0.9,spacy,...
c7541cbc47ce,three,CARDINAL,2862,2867,0.9,spacy,...
c7541cbc47ce,Church Group,ORG,2924,2936,0.9,spacy,...
c7541cbc47ce,House,ORG,3018,3023,0.9,spacy,...
c7541cbc47ce,Biete,PERSON,3054,3059,0.9,spacy,...
c7541cbc47ce,Maryam,PERSON,3060,3066,0.9,spacy,...
c7541cbc47ce,House,ORG,3068,3073,0.9,spacy,...
c7541cbc47ce,Mary,PERSON,3077,3081,0.9,spacy,...
c7541cbc47ce,Biete Medhane Alem,PERSON,3083,3101,0.9,spacy,...
c7541cbc47ce,34,CARDINAL,3162,3164,0.9,spacy,...
c7541cbc47ce,Western Group,ORG,3182,3195,0.9,spacy,...
c7541cbc47ce,Biete Ghiorgis,PERSON,3196,3210,0.9,spacy,...
c7541cbc47ce,House,ORG,3212,3217,0.9,spacy,...
c7541cbc47ce,St. George,GPE,3221,3231,0.9,spacy,...
c7541cbc47ce,Greek,NORP,3315,3320,0.9,spacy,...
c7541cbc47ce,Eastern Group,ORG,3328,3341,0.9,spacy,...
c7541cbc47ce,Biete Amanuel,FAC,3342,3355,0.9,spacy,...
c7541cbc47ce,House,ORG,3357,3362,0.9,spacy,...
c7541cbc47ce,Emmanuel,GPE,3366,3374,0.9,spacy,...
c7541cbc47ce,Biete,PERSON,3377,3382,0.9,spacy,...
c7541cbc47ce,House,ORG,3397,3402,0.9,spacy,...
c7541cbc47ce,"Biete
Amanuel",ORG,3475,3488,0.9,spacy,...
c7541cbc47ce,Zagwe,ORG,3710,3715,0.9,spacy,...
c7541cbc47ce,period,DATE,3740,3746,0.9,spacy,...
c7541cbc47ce,Christian,NORP,3822,3831,0.9,spacy,...
c7541cbc47ce,The Solomonic Dynasty,DATE,3886,3907,0.9,spacy,...
c7541cbc47ce,1270-19740026_DATE__-1974,DATE,3909,3934,0.9,spacy,...
c7541cbc47ce,The Zagwe Dynasty,DATE,3936,3953,0.9,spacy,...
c7541cbc47ce,1270,CARDINAL,3972,3976,0.9,spacy,...
c7541cbc47ce,Yekuno Amlak,PERSON,3980,3992,0.9,spacy,...
c7541cbc47ce,Shewa,PERSON,4007,4012,0.9,spacy,...
c7541cbc47ce,Aksumite,NORP,4054,4062,0.9,spacy,...
c7541cbc47ce,King Solomon,PERSON,4117,4129,0.9,spacy,...
c7541cbc47ce,the Solomonic Dynasty,EVENT,4189,4210,0.9,spacy,...
c7541cbc47ce,Ethiopia,GPE,4229,4237,0.9,spacy,...
c7541cbc47ce,over 700 years,DATE,4242,4256,0.9,spacy,...
c7541cbc47ce,one,CARDINAL,4271,4274,0.9,spacy,...
c7541cbc47ce,The Restoration of Legitimacy,ORG,4327,4356,0.9,spacy,...
c7541cbc47ce,Kebra Nagast,ORG,4362,4374,0.9,spacy,...
c7541cbc47ce,the Kebra Nagast,ORG,4449,4465,0.9,spacy,...
c7541cbc47ce,Ethiopian,NORP,4613,4622,0.9,spacy,...
c7541cbc47ce,the House of Israel,ORG,4659,4678,0.9,spacy,...
c7541cbc47ce,Solomon,PERSON,4717,4724,0.9,spacy,...
c7541cbc47ce,Page 3,LAW,4756,4762,0.9,spacy,...
c7541cbc47ce,The Kebra Nagast,WORK_OF_ART,4767,4783,0.9,spacy,...
c7541cbc47ce,Orthodox Christianity,NORP,4999,5020,0.9,spacy,...
c7541cbc47ce,Ethiopian,NORP,5082,5091,0.9,spacy,...
c7541cbc47ce,Judeo-Christian,NORP,5105,5120,0.9,spacy,...
c7541cbc47ce,the Negusa Nagast,ORG,5148,5165,0.9,spacy,...
c7541cbc47ce,The Negusa Nagast,ORG,5390,5407,0.9,spacy,...
c7541cbc47ce,the Imperial Court,ORG,5412,5430,0.9,spacy,...
c7541cbc47ce,gast,ORG,5455,5459,0.9,spacy,...
c7541cbc47ce,supreme authority,ORG,5466,5483,0.9,spacy,...
c7541cbc47ce,Gult,PERSON,5937,5941,0.9,spacy,...
c7541cbc47ce,gult,PERSON,6000,6004,0.9,spacy,...
c7541cbc47ce,Church,ORG,6053,6059,0.9,spacy,...
c7541cbc47ce,gult holder,ORG,6190,6201,0.9,spacy,...
c7541cbc47ce,Gult,PERSON,6362,6366,0.9,spacy,...
c7541cbc47ce,"the
imperial army",ORG,6419,6436,0.9,spacy,...
c7541cbc47ce,Church Lands,ORG,6511,6523,0.9,spacy,...
c7541cbc47ce,Church,ORG,6528,6534,0.9,spacy,...
c7541cbc47ce,gult holder,ORG,6547,6558,0.9,spacy,...
c7541cbc47ce,Church,ORG,6623,6629,0.9,spacy,...
c7541cbc47ce,Page 4,LAW,6718,6724,0.9,spacy,...
c7541cbc47ce,Imperial Expansion,ORG,6745,6763,0.9,spacy,...
c7541cbc47ce,period,DATE,6784,6790,0.9,spacy,...
c7541cbc47ce,Muslim,NORP,6900,6906,0.9,spacy,...
c7541cbc47ce,Emperor Amda Seyon,PERSON,6941,6959,0.9,spacy,...
c7541cbc47ce,r.,NORP,6963,6965,0.9,spacy,...
c7541cbc47ce,1314-13440019_DATE__-1344,DATE,6966,6991,0.9,spacy,...
c7541cbc47ce,Amda Seyon,PERSON,6993,7003,0.9,spacy,...
c7541cbc47ce,Ethiopian,NORP,7060,7069,0.9,spacy,...
c7541cbc47ce,the Sultanate of Ifat,ORG,7259,7280,0.9,spacy,...
c7541cbc47ce,Muslim,NORP,7291,7297,0.9,spacy,...
c7541cbc47ce,Christian,NORP,7333,7342,0.9,spacy,...
c7541cbc47ce,the Horn of Africa,LOC,7357,7375,0.9,spacy,...
c7541cbc47ce,Emperor Zara Yaqob,PERSON,7516,7534,0.9,spacy,...
c7541cbc47ce,1434,CARDINAL,7539,7543,0.9,spacy,...
c7541cbc47ce,Zara Yaqob,PERSON,7566,7576,0.9,spacy,...
c7541cbc47ce,Church,ORG,7684,7690,0.9,spacy,...
c7541cbc47ce,Orthodox,NORP,7892,7900,0.9,spacy,...
c7541cbc47ce,Church,ORG,7927,7933,0.9,spacy,...
c7541cbc47ce,age,DATE,8298,8301,0.9,spacy,...
c7541cbc47ce,Ge'ez,FAC,8305,8310,0.9,spacy,...
c7541cbc47ce,Zara Yaqob's,PERSON,8345,8357,0.9,spacy,...
c7541cbc47ce,Solomonic,CARDINAL,8387,8396,0.9,spacy,...
c7541cbc47ce,period,DATE,8475,8481,0.9,spacy,...
c7541cbc47ce,Period,DATE,8529,8535,0.9,spacy,...
c7541cbc47ce,age,DATE,8549,8552,0.9,spacy,...
c7541cbc47ce,Ethiopian,NORP,8557,8566,0.9,spacy,...
c7541cbc47ce,Orthodox Christianity,NORP,8567,8588,0.9,spacy,...
c7541cbc47ce,Debre Libanos,PERSON,8611,8624,0.9,spacy,...
c7541cbc47ce,Debre Hayk Istifanos,PERSON,8629,8649,0.9,spacy,...
c7541cbc47ce,Ethiopian,NORP,8744,8753,0.9,spacy,...
c7541cbc47ce,Page 5,LAW,8768,8774,0.9,spacy,...
c7541cbc47ce,Ge'ez Literature,PRODUCT,8778,8794,0.9,spacy,...
c7541cbc47ce,Bible,WORK_OF_ART,8914,8919,0.9,spacy,...
c7541cbc47ce,period,DATE,8992,8998,0.9,spacy,...
c7541cbc47ce,Ethiopian,NORP,9046,9055,0.9,spacy,...
c7541cbc47ce,centuries,DATE,9253,9262,0.9,spacy,...
c7541cbc47ce,The Challenge of the Muslim Sultanates,ORG,9277,9315,0.9,spacy,...
c7541cbc47ce,Solomonic,ORG,9328,9337,0.9,spacy,...
c7541cbc47ce,Muslim,NORP,9403,9409,0.9,spacy,...
c7541cbc47ce,Ethiopian-,GPE,9456,9466,0.9,spacy,...
c7541cbc47ce,Adal War,EVENT,9467,9475,0.9,spacy,...
c7541cbc47ce,1529-15430011_DATE__-1543,DATE,9477,9502,0.9,spacy,...
c7541cbc47ce,Ahmad ibn Ibrahim,PERSON,9532,9549,0.9,spacy,...
c7541cbc47ce,Ghazi,PERSON,9554,9559,0.9,spacy,...
c7541cbc47ce,Ahmad Gragn,PERSON,9561,9572,0.9,spacy,...
c7541cbc47ce,Ottoman,NORP,9605,9612,0.9,spacy,...
c7541cbc47ce,Christian,NORP,9643,9652,0.9,spacy,...
c7541cbc47ce,Solomonic,ORG,9665,9674,0.9,spacy,...
c7541cbc47ce,Portuguese,NORP,9727,9737,0.9,spacy,...
c7541cbc47ce,Ethiopia,GPE,9912,9920,0.9,spacy,...
c7541cbc47ce,Zagwe,ORG,9926,9931,0.9,spacy,...
c7541cbc47ce,Taddesse Tamrat,PERSON,9986,10001,0.9,spacy,...
c7541cbc47ce,1972,DATE,10004,10008,0.9,spacy,...
c7541cbc47ce,Church,ORG,10011,10017,0.9,spacy,...
c7541cbc47ce,State,ORG,10022,10027,0.9,spacy,...
c7541cbc47ce,Ethiopia,GPE,10031,10039,0.9,spacy,...
c7541cbc47ce,1270-15270007_DATE__-1527,CARDINAL,10041,10066,0.9,spacy,...
c7541cbc47ce,Clarendon Press,ORG,10068,10083,0.9,spacy,...
c7541cbc47ce,2002,DATE,10104,10108,0.9,spacy,...
c7541cbc47ce,Ethiopia,GPE,10124,10132,0.9,spacy,...
c7541cbc47ce,University of California Press,ORG,10134,10164,0.9,spacy,...
c7541cbc47ce,2012,DATE,10189,10193,0.9,spacy,...
c7541cbc47ce,an African Civilisation,ORG,10211,10234,0.9,spacy,...
c7541cbc47ce,the Northern Horn,LOC,10246,10263,0.9,spacy,...
c7541cbc47ce,1000,CARDINAL,10265,10269,0.9,spacy,...
c7541cbc47ce,"BC - AD
",ORG,10286,10294,0.9,spacy,...
c7541cbc47ce,1300,CARDINAL,10294,10298,0.9,spacy,...
c7541cbc47ce,Boydell & Brewer,ORG,10300,10316,0.9,spacy,...
c7541cbc47ce,Zagwe,GPE,10333,10338,0.9,spacy,...
01d36482cbe7,"-- Page 1 --
The Making of Modern Ethiopia",PERSON,0,42,0.9,spacy,...
01d36482cbe7,the End of Empire,ORG,66,83,0.9,spacy,...
01d36482cbe7,1855-19740078_DATE__-1974,DATE,85,110,0.9,spacy,...
01d36482cbe7,Era,DATE,144,147,0.9,spacy,...
01d36482cbe7,Modern Ethiopia,LOC,163,178,0.9,spacy,...
01d36482cbe7,1855,DATE,189,193,0.9,spacy,...
01d36482cbe7,the Zemene Mesafint,LOC,257,276,0.9,spacy,...
01d36482cbe7,period,DATE,382,388,0.9,spacy,...
01d36482cbe7,over a,DATE,399,405,0.9,spacy,...
01d36482cbe7,century,DATE,406,413,0.9,spacy,...
01d36482cbe7,Ethiopia,GPE,504,512,0.9,spacy,...
01d36482cbe7,European,NORP,536,544,0.9,spacy,...
01d36482cbe7,era,DATE,687,690,0.9,spacy,...
01d36482cbe7,1974,DATE,815,819,0.9,spacy,...
01d36482cbe7,I. The,ORG,821,827,0.9,spacy,...
01d36482cbe7,1855-19130070_DATE__-1913,DATE,859,884,0.9,spacy,...
01d36482cbe7,three,CARDINAL,890,895,0.9,spacy,...
01d36482cbe7,period,DATE,913,919,0.9,spacy,...
01d36482cbe7,Yohannes IV,PRODUCT,933,944,0.9,spacy,...
01d36482cbe7,Ethiopian,NORP,1013,1022,0.9,spacy,...
01d36482cbe7,Emperor Tewodros II,PERSON,1030,1049,0.9,spacy,...
01d36482cbe7,r.,NORP,1051,1053,0.9,spacy,...
01d36482cbe7,1855-18680063_DATE__-1868,DATE,1054,1079,0.9,spacy,...
01d36482cbe7,Tewodros II,PRODUCT,1104,1115,0.9,spacy,...
01d36482cbe7,Kassa Hailu,PERSON,1122,1133,0.9,spacy,...
01d36482cbe7,first,ORDINAL,1178,1183,0.9,spacy,...
01d36482cbe7,over a,DATE,1195,1201,0.9,spacy,...
01d36482cbe7,century,DATE,1202,1209,0.9,spacy,...
01d36482cbe7,Ethiopia,GPE,1300,1308,0.9,spacy,...
01d36482cbe7,Tewodros,ORG,1372,1380,0.9,spacy,...
01d36482cbe7,the Zemene Mesafint,FAC,1657,1676,0.9,spacy,...
01d36482cbe7,Maqdala,GPE,1964,1971,0.9,spacy,...
01d36482cbe7,Page 2,LAW,2052,2058,0.9,spacy,...
01d36482cbe7,Tewodros,ORG,2062,2070,0.9,spacy,...
01d36482cbe7,British,NORP,2117,2124,0.9,spacy,...
01d36482cbe7,1868,DATE,2148,2152,0.9,spacy,...
01d36482cbe7,Maqdala,GPE,2206,2213,0.9,spacy,...
01d36482cbe7,Emperor Yohannes IV,PERSON,2244,2263,0.9,spacy,...
01d36482cbe7,r.,NORP,2265,2267,0.9,spacy,...
01d36482cbe7,1872-18890057_DATE__-1889,DATE,2268,2293,0.9,spacy,...
01d36482cbe7,Ras,PERSON,2346,2349,0.9,spacy,...
01d36482cbe7,Tigray,GPE,2355,2361,0.9,spacy,...
01d36482cbe7,Tewodros,ORG,2373,2381,0.9,spacy,...
01d36482cbe7,Egypt,GPE,2466,2471,0.9,spacy,...
01d36482cbe7,Mahdist,NORP,2480,2487,0.9,spacy,...
01d36482cbe7,Sudan,GPE,2497,2502,0.9,spacy,...
01d36482cbe7,Yohannes IV's,ORG,2538,2551,0.9,spacy,...
01d36482cbe7,Egyptian,NORP,2608,2616,0.9,spacy,...
01d36482cbe7,the Battle of Gundet,FAC,2625,2645,0.9,spacy,...
01d36482cbe7,1875,DATE,2647,2651,0.9,spacy,...
01d36482cbe7,Battle of Gura,EVENT,2661,2675,0.7,rule,...
01d36482cbe7,1876,DATE,2677,2681,0.9,spacy,...
01d36482cbe7,Sudanese,NORP,2734,2742,0.9,spacy,...
01d36482cbe7,Metemma,ORG,2772,2779,0.9,spacy,...
01d36482cbe7,1889,DATE,2783,2787,0.9,spacy,...
01d36482cbe7,Mekelle,GPE,2930,2937,0.9,spacy,...
01d36482cbe7,the 1880s,DATE,2948,2957,0.9,spacy,...
01d36482cbe7,Emperor Menelik II,PERSON,3035,3053,0.9,spacy,...
01d36482cbe7,1889-19130046_DATE__-1913,DATE,3058,3083,0.9,spacy,...
01d36482cbe7,Modern Ethiopia,GPE,3101,3116,0.9,spacy,...
01d36482cbe7,Menelik II,PRODUCT,3117,3127,0.9,spacy,...
01d36482cbe7,Shewa,NORP,3137,3142,0.9,spacy,...
01d36482cbe7,African,NORP,3292,3299,0.9,spacy,...
01d36482cbe7,European,NORP,3330,3338,0.9,spacy,...
01d36482cbe7,"National Independence
Menelik's",ORG,3376,3407,0.9,spacy,...
01d36482cbe7,Italian,NORP,3477,3484,0.9,spacy,...
01d36482cbe7,March 1,DATE,3515,3522,0.9,spacy,...
01d36482cbe7,1896TITY_0042_DATE,CARDINAL,3524,3542,0.9,spacy,...
01d36482cbe7,Ethiopia,GPE,3613,3621,0.9,spacy,...
01d36482cbe7,Africa,LOC,3680,3686,0.9,spacy,...
01d36482cbe7,the Black diaspora,LOC,3691,3709,0.9,spacy,...
01d36482cbe7,"Addis
Ababa",GPE,3781,3792,0.9,spacy,...
01d36482cbe7,1886,DATE,3809,3813,0.9,spacy,...
01d36482cbe7,Modern Cabinet,ORG,3913,3927,0.9,spacy,...
01d36482cbe7,first,ORDINAL,3944,3949,0.9,spacy,...
01d36482cbe7,Council of Ministers,ORG,3950,3970,0.9,spacy,...
01d36482cbe7,1907,DATE,4006,4010,0.9,spacy,...
01d36482cbe7,Page 3,LAW,4103,4109,0.9,spacy,...
01d36482cbe7,first,ORDINAL,4188,4193,0.9,spacy,...
01d36482cbe7,Djibouti,GPE,4203,4211,0.9,spacy,...
01d36482cbe7,Addis Ababa,GPE,4215,4226,0.9,spacy,...
01d36482cbe7,"Territorial
Expansion",ORG,4359,4380,0.9,spacy,...
01d36482cbe7,Ethiopia,GPE,4468,4476,0.9,spacy,...
01d36482cbe7,Addis Ababa,GPE,4577,4588,0.9,spacy,...
01d36482cbe7,St. George's Cathedral,ORG,4649,4671,0.9,spacy,...
01d36482cbe7,the Entoto Maryam Church,ORG,4676,4700,0.9,spacy,...
01d36482cbe7,1916-,CARDINAL,4756,4761,0.9,spacy,...
01d36482cbe7,1974,DATE,4762,4766,0.9,spacy,...
01d36482cbe7,period,DATE,4772,4778,0.9,spacy,...
01d36482cbe7,Menelik,ORG,4789,4796,0.9,spacy,...
01d36482cbe7,Ras Teferi Makonnen,PERSON,4877,4896,0.9,spacy,...
01d36482cbe7,Emperor Haile Selassie I.,PERSON,4915,4940,0.9,spacy,...
01d36482cbe7,Empress Zewditu,PERSON,4941,4956,0.9,spacy,...
01d36482cbe7,1916-19300031_DATE__-1930,DATE,4961,4986,0.9,spacy,...
01d36482cbe7,Empress Zewditu,PERSON,4988,5003,0.9,spacy,...
01d36482cbe7,Menelik,PERSON,5005,5012,0.9,spacy,...
01d36482cbe7,first,ORDINAL,5033,5038,0.9,spacy,...
01d36482cbe7,the Ethiopian Empire,GPE,5067,5087,0.9,spacy,...
01d36482cbe7,period,DATE,5105,5111,0.9,spacy,...
01d36482cbe7,Regent,ORG,5193,5199,0.9,spacy,...
01d36482cbe7,Ras Teferi Makonnen,PERSON,5201,5220,0.9,spacy,...
01d36482cbe7,Haile Selassie,PERSON,5228,5242,0.9,spacy,...
01d36482cbe7,Zewditu,PERSON,5247,5254,0.9,spacy,...
01d36482cbe7,Ethiopian,NORP,5280,5289,0.9,spacy,...
01d36482cbe7,"Orthodox
Church",ORG,5290,5305,0.9,spacy,...
01d36482cbe7,Teferi,PRODUCT,5339,5345,0.9,spacy,...
01d36482cbe7,Ethiopia,GPE,5411,5419,0.9,spacy,...
01d36482cbe7,the League of Nations,ORG,5433,5454,0.9,spacy,...
01d36482cbe7,Emperor Haile Selassie,PERSON,5456,5478,0.9,spacy,...
01d36482cbe7,r.,NORP,5482,5484,0.9,spacy,...
01d36482cbe7,1930-19740026_DATE__-1974,DATE,5485,5510,0.9,spacy,...
01d36482cbe7,Haile Selassie,PERSON,5530,5544,0.9,spacy,...
01d36482cbe7,20th-,DATE,5572,5577,0.9,spacy,...
01d36482cbe7,century,DATE,5577,5584,0.9,spacy,...
01d36482cbe7,Ethiopian,NORP,5585,5594,0.9,spacy,...
01d36482cbe7,African,NORP,5686,5693,0.9,spacy,...
01d36482cbe7,The Italian Occupation,EVENT,5736,5758,0.9,spacy,...
01d36482cbe7,1935-19410022_DATE__-1941,DATE,5760,5785,0.9,spacy,...
01d36482cbe7,period,DATE,5808,5814,0.9,spacy,...
01d36482cbe7,Second,ORDINAL,5836,5842,0.9,spacy,...
01d36482cbe7,Ethiopian War,EVENT,5849,5862,0.7,rule,...
01d36482cbe7,Italian,NORP,5878,5885,0.9,spacy,...
01d36482cbe7,1935,DATE,5898,5902,0.9,spacy,...
01d36482cbe7,Haile Selassie,PERSON,5904,5918,0.9,spacy,...
01d36482cbe7,the League of Nations,ORG,5987,6008,0.9,spacy,...
01d36482cbe7,1936,DATE,6012,6016,0.9,spacy,...
01d36482cbe7,1941,DATE,6118,6122,0.9,spacy,...
01d36482cbe7,Page 4,LAW,6197,6203,0.9,spacy,...
01d36482cbe7,Haile Selassie's,PERSON,6246,6262,0.9,spacy,...
01d36482cbe7,1931,DATE,6391,6395,0.9,spacy,...
01d36482cbe7,1955,DATE,6400,6404,0.9,spacy,...
01d36482cbe7,gult,NORP,6690,6694,0.9,spacy,...
01d36482cbe7,thousands,CARDINAL,6757,6766,0.9,spacy,...
01d36482cbe7,the Haile Selassie,PERSON,6823,6841,0.9,spacy,...
01d36482cbe7,Addis Ababa University,ORG,6862,6884,0.9,spacy,...
01d36482cbe7,Haile Selassie,PERSON,6909,6923,0.9,spacy,...
01d36482cbe7,Pan-African,NORP,6948,6959,0.9,spacy,...
01d36482cbe7,"the Organization of African
Unity",ORG,6996,7029,0.9,spacy,...
01d36482cbe7,OAU,ORG,7031,7034,0.9,spacy,...
01d36482cbe7,Addis Ababa,GPE,7039,7050,0.9,spacy,...
01d36482cbe7,1963,DATE,7054,7058,0.9,spacy,...
01d36482cbe7,Africa,LOC,7108,7114,0.9,spacy,...
01d36482cbe7,"Institution
Date Founded",ORG,7116,7140,0.9,spacy,...
01d36482cbe7,"Africa Hall
",FAC,7154,7166,0.9,spacy,...
01d36482cbe7,1961,DATE,7166,7170,0.9,spacy,...
01d36482cbe7,Africa,LOC,7230,7236,0.9,spacy,...
01d36482cbe7,OAU,ORG,7253,7256,0.9,spacy,...
01d36482cbe7,Holy Trinity,ORG,7258,7270,0.9,spacy,...
01d36482cbe7,1942,DATE,7281,7285,0.9,spacy,...
01d36482cbe7,"Haile
Selassie",PERSON,7302,7316,0.9,spacy,...
01d36482cbe7,"Jubilee Palace
",FAC,7362,7377,0.9,spacy,...
01d36482cbe7,1955,DATE,7377,7381,0.9,spacy,...
01d36482cbe7,Silver Jubilee,FAC,7407,7421,0.9,spacy,...
01d36482cbe7,The End of the Monarchy,ORG,7466,7489,0.9,spacy,...
01d36482cbe7,Haile Selassie's,PERSON,7511,7527,0.9,spacy,...
01d36482cbe7,1974,DATE,7635,7639,0.9,spacy,...
01d36482cbe7,Derg,PERSON,7671,7675,0.9,spacy,...
01d36482cbe7,"3,000-year-old",DATE,7711,7725,0.9,spacy,...
01d36482cbe7,Ethiopian,NORP,7789,7798,0.9,spacy,...
01d36482cbe7,Ethiopian,NORP,7978,7987,0.9,spacy,...
01d36482cbe7,Page 5,LAW,7998,8004,0.9,spacy,...
01d36482cbe7,2002,DATE,8037,8041,0.9,spacy,...
01d36482cbe7,1855-19910006_DATE__-1991,DATE,8074,8099,0.9,spacy,...
01d36482cbe7,"Ohio
University Press",ORG,8101,8122,0.9,spacy,...
01d36482cbe7,R.,PERSON,8135,8137,0.9,spacy,...
01d36482cbe7,2011,DATE,8139,8143,0.9,spacy,...
01d36482cbe7,The Battle of Adwa: African Victory,ORG,8146,8181,0.9,spacy,...
01d36482cbe7,Age,DATE,8189,8192,0.9,spacy,...
01d36482cbe7,Belknap Press,ORG,8204,8217,0.9,spacy,...
01d36482cbe7,Haile Selassie I.,PERSON,8223,8240,0.9,spacy,...
01d36482cbe7,1936,DATE,8242,8246,0.9,spacy,...
01d36482cbe7,the League of Nations,ORG,8259,8280,0.9,spacy,...
01d36482cbe7,Geneva,GPE,8282,8288,0.9,spacy,...
01d36482cbe7,Switzerland,GPE,8290,8301,0.9,spacy,...
01d36482cbe7,2002,DATE,8322,8326,0.9,spacy,...
01d36482cbe7,Ethiopia,GPE,8342,8350,0.9,spacy,...
01d36482cbe7,University of California Press,ORG,8352,8382,0.9,spacy,...
01d36482cbe7,Haile Selassie,PERSON,8442,8456,0.9,spacy,...
644d813d4e62,"-- Page 1 --
The Contemporary State:",PERSON,0,36,0.9,spacy,...
644d813d4e62,"The Prosperity
Party",ORG,37,57,0.9,spacy,...
644d813d4e62,Period,DATE,58,64,0.9,spacy,...
644d813d4e62,2019-Present,DATE,66,78,0.9,spacy,...
644d813d4e62,period,DATE,153,159,0.9,spacy,...
644d813d4e62,Abiy Ahmed,PERSON,196,206,0.9,spacy,...
644d813d4e62,2018,DATE,228,232,0.9,spacy,...
644d813d4e62,2019,DATE,273,277,0.9,spacy,...
644d813d4e62,Ethiopian,NORP,346,355,0.9,spacy,...
644d813d4e62,era,DATE,370,373,0.9,spacy,...
644d813d4e62,EPRDF,ORG,419,424,0.9,spacy,...
644d813d4e62,period,DATE,731,737,0.9,spacy,...
644d813d4e62,Ethiopia,GPE,775,783,0.9,spacy,...
644d813d4e62,Abiy Ahmed's,PERSON,939,951,0.9,spacy,...
644d813d4e62,April 2018,DATE,969,979,0.9,spacy,...
644d813d4e62,Oromo,NORP,1023,1028,0.9,spacy,...
644d813d4e62,Amhara,NORP,1033,1039,0.9,spacy,...
644d813d4e62,EPRDF,ORG,1061,1066,0.9,spacy,...
644d813d4e62,TPLF,ORG,1069,1073,0.9,spacy,...
644d813d4e62,Medemer,WORK_OF_ART,1134,1141,0.9,spacy,...
644d813d4e62,2018-20190031_DATE__-2019,DATE,1230,1255,0.9,spacy,...
644d813d4e62,The first year,DATE,1257,1271,0.9,spacy,...
644d813d4e62,Abiy,ORG,1275,1279,0.9,spacy,...
644d813d4e62,thousands,CARDINAL,1404,1413,0.9,spacy,...
644d813d4e62,"the """,EVENT,1540,1545,0.9,spacy,...
644d813d4e62,No War,EVENT,1545,1551,0.9,spacy,...
644d813d4e62,Eritrea,GPE,1578,1585,0.9,spacy,...
644d813d4e62,President Isaias Afwerki,PERSON,1618,1642,0.9,spacy,...
644d813d4e62,July 2018,DATE,1646,1655,0.9,spacy,...
644d813d4e62,2019,DATE,1681,1685,0.9,spacy,...
644d813d4e62,Nobel Peace Prize,WORK_OF_ART,1686,1703,0.9,spacy,...
644d813d4e62,Page 2,LAW,1712,1718,0.9,spacy,...
644d813d4e62,Judicial,ORG,1722,1730,0.9,spacy,...
644d813d4e62,the Prosperity Party,ORG,1885,1905,0.9,spacy,...
644d813d4e62,2019,DATE,1907,1911,0.9,spacy,...
644d813d4e62,November 2019,DATE,1916,1929,0.9,spacy,...
644d813d4e62,Abiy,ORG,1931,1935,0.9,spacy,...
644d813d4e62,EPRDF,ORG,1950,1955,0.9,spacy,...
644d813d4e62,three,CARDINAL,1967,1972,0.9,spacy,...
644d813d4e62,four,CARDINAL,1980,1984,0.9,spacy,...
644d813d4e62,OPDO,ORG,2003,2007,0.9,spacy,...
644d813d4e62,ANDM,ORG,2009,2013,0.9,spacy,...
644d813d4e62,SEPDM,ORG,2015,2020,0.9,spacy,...
644d813d4e62,five,CARDINAL,2026,2030,0.9,spacy,...
644d813d4e62,Prosperity Party,ORG,2071,2087,0.9,spacy,...
644d813d4e62,EPRDF Model,ORG,2102,2113,0.9,spacy,...
644d813d4e62,four,CARDINAL,2160,2164,0.9,spacy,...
644d813d4e62,Unified,ORG,2200,2207,0.9,spacy,...
644d813d4e62,Medemer,PERSON,2320,2327,0.9,spacy,...
644d813d4e62,Synergy/Unity,ORG,2329,2342,0.9,spacy,...
644d813d4e62,"Liberal
Political Economy",ORG,2348,2373,0.9,spacy,...
644d813d4e62,Goal,PERSON,2375,2379,0.9,spacy,...
644d813d4e62,TPLF,ORG,2494,2498,0.9,spacy,...
644d813d4e62,EPRDF,ORG,2533,2538,0.9,spacy,...
644d813d4e62,EPRDF,ORG,2811,2816,0.9,spacy,...
644d813d4e62,Ethio Telecom,ORG,3105,3118,0.9,spacy,...
644d813d4e62,Debt Management,ORG,3210,3225,0.9,spacy,...
644d813d4e62,Page 3,LAW,3334,3340,0.9,spacy,...
644d813d4e62,Focus on Private Sector:,ORG,3344,3368,0.9,spacy,...
644d813d4e62,EPRDF,ORG,3477,3482,0.9,spacy,...
644d813d4e62,Ethiopia,GPE,3561,3569,0.9,spacy,...
644d813d4e62,2020-20220022_DATE__-2022,DATE,3679,3704,0.9,spacy,...
644d813d4e62,TPLF,ORG,3773,3777,0.9,spacy,...
644d813d4e62,Tigray,GPE,3805,3811,0.9,spacy,...
644d813d4e62,November 2020,DATE,3858,3871,0.9,spacy,...
644d813d4e62,"Causes of the Conflict
The war",EVENT,3873,3903,0.7,rule,...
644d813d4e62,September 2020,DATE,4027,4041,0.9,spacy,...
644d813d4e62,TPLF,ORG,4236,4240,0.9,spacy,...
644d813d4e62,Tigray,GPE,4287,4293,0.9,spacy,...
644d813d4e62,Eritrean,NORP,4387,4395,0.9,spacy,...
644d813d4e62,EPRDF,ORG,4541,4546,0.9,spacy,...
644d813d4e62,Tigray,NORP,4599,4605,0.9,spacy,...
644d813d4e62,two-year,DATE,4663,4671,0.9,spacy,...
644d813d4e62,Tigray,NORP,4771,4777,0.9,spacy,...
644d813d4e62,Page 4,LAW,5123,5129,0.9,spacy,...
644d813d4e62,weapon of war,EVENT,5243,5256,0.7,rule,...
644d813d4e62,The Pretoria Peace Agreement,ORG,5262,5290,0.9,spacy,...
644d813d4e62,2022,CARDINAL,5292,5296,0.9,spacy,...
644d813d4e62,The war,EVENT,5298,5305,0.7,rule,...
644d813d4e62,November 2022,DATE,5326,5339,0.9,spacy,...
644d813d4e62,TPLF,ORG,5428,5432,0.9,spacy,...
644d813d4e62,TPLF,ORG,5495,5499,0.9,spacy,...
644d813d4e62,Tigray,GPE,5546,5552,0.9,spacy,...
644d813d4e62,era,DATE,5670,5673,0.9,spacy,...
644d813d4e62,EPRDF,ORG,5827,5832,0.9,spacy,...
644d813d4e62,Ethiopian,NORP,5992,6001,0.9,spacy,...
644d813d4e62,Kilils,PERSON,6062,6068,0.9,spacy,...
644d813d4e62,Oromia,LOC,6163,6169,0.9,spacy,...
644d813d4e62,Amhara,NORP,6174,6180,0.9,spacy,...
644d813d4e62,2021,DATE,6248,6252,0.9,spacy,...
644d813d4e62,General Election,PERSON,6253,6269,0.9,spacy,...
644d813d4e62,first,ORDINAL,6274,6279,0.9,spacy,...
644d813d4e62,the Prosperity Party,ORG,6303,6323,0.9,spacy,...
644d813d4e62,June 2021,DATE,6336,6345,0.9,spacy,...
644d813d4e62,Abiy Ahmed,PERSON,6409,6419,0.9,spacy,...
644d813d4e62,Tigray,LOC,6530,6536,0.9,spacy,...
644d813d4e62,V. Legacy,ORG,6602,6611,0.9,spacy,...
644d813d4e62,The Prosperity Party,ORG,6634,6654,0.9,spacy,...
644d813d4e62,period,DATE,6655,6661,0.9,spacy,...
644d813d4e62,one,CARDINAL,6696,6699,0.9,spacy,...
644d813d4e62,Eritrea,GPE,6745,6752,0.9,spacy,...
644d813d4e62,Page 5,LAW,6803,6809,0.9,spacy,...
644d813d4e62,devastating civil war,EVENT,6848,6869,0.7,rule,...
644d813d4e62,Eritrea,GPE,6973,6980,0.9,spacy,...
644d813d4e62,2018,DATE,6982,6986,0.9,spacy,...
644d813d4e62,Tigray War,EVENT,6988,6998,0.9,spacy,...
644d813d4e62,2020-20220009_DATE__-2022,DATE,7000,7025,0.9,spacy,...
644d813d4e62,and massive war,EVENT,7137,7152,0.7,rule,...
644d813d4e62,Political Unification (Formation,ORG,7168,7200,0.9,spacy,...
644d813d4e62,Ethiopian,NORP,7297,7306,0.9,spacy,...
644d813d4e62,the Prosperity Party,ORG,7319,7339,0.9,spacy,...
644d813d4e62,period,DATE,7543,7549,0.9,spacy,...
644d813d4e62,Ethiopian,NORP,7606,7615,0.9,spacy,...
644d813d4e62,The Nobel Prize,WORK_OF_ART,7683,7698,0.9,spacy,...
644d813d4e62,2019,DATE,7701,7705,0.9,spacy,...
644d813d4e62,The Nobel Peace Prize,WORK_OF_ART,7708,7729,0.9,spacy,...
644d813d4e62,2019,DATE,7730,7734,0.9,spacy,...
644d813d4e62,2022,CARDINAL,7776,7780,0.9,spacy,...
644d813d4e62,Ethiopia,GPE,7783,7791,0.9,spacy,...
644d813d4e62,2022,DATE,7803,7807,0.9,spacy,...
644d813d4e62,ethiopia,GPE,7853,7861,0.9,spacy,...
644d813d4e62,2022,CARDINAL,7885,7889,0.9,spacy,...
644d813d4e62,weapon of war,EVENT,7908,7921,0.7,rule,...
644d813d4e62,Ethiopia,GPE,7927,7935,0.9,spacy,...
644d813d4e62,Tigray,GPE,7956,7962,0.9,spacy,...
644d813d4e62,2019,DATE,8031,8035,0.9,spacy,...
644d813d4e62,Ethiopia,GPE,8038,8046,0.9,spacy,...
644d813d4e62,Newly Unified,GPE,8049,8062,0.9,spacy,...
644d813d4e62,Pivots,ORG,8076,8082,0.9,spacy,...
644d813d4e62,"Prosperity
Party",ORG,8172,8188,0.9,spacy,...
644d813d4e62,Tigray War,EVENT,8220,8230,0.9,spacy,...
